SNO,B1,B2,B3,B4,B5,B6,B7,B8,B8A,B9,B11,B12,PH_DETAILS,EC_DETAILS,OC_DETAILS,AVN_DETAILS,PHOS_DETAILS,POT_DETAILS,SULPHUR,ZINC_DETAILS,BORON_DETAILS,IRON_DETAILS,MANGAN_DETAILS,COPPER_DETAILS
OOT890,10010,10999,10451,10092,10636,10081,9976,9539,9769,14234,6032,4640,6.3,0.03,0.1,148,2.5,349,44,1.5674,1.2,1.4766,3.1,0.3878
OOT894,4049,2744,2858,2668,3336,4643,5100,5080,5314,9072,3832,2959,6.4,0.03,0.32,226,1.1,569,23,0.9681,0.1,0.7383,2.4,0.6925
OOT904,6231,5480,5241,5066,5478,5748,5948,5811,6010,9313,5137,4524,6.28,0.1,0.01,25,24,56,21,0.9681,11,3.21,4.3,0.554
OOT730,1350,1361,1578,1411,1969,3482,3867,3870,4088,3987,2846,1954,6.38,0.41,0.486,210,6.49,786.2,58.86,2.24046,3.815,0.73188,3.5,0.59278
OOT992,1820,1911,2191,2141,2491,2865,3060,3058,3167,4809,3018,2455,6.5,0.03,0.1,127,24,222,22,1.5674,1.1,0.7383,2.4,0.3601
OOT892,9169,7809,7527,7362,7536,7786,8150,7491,8138,3189,5881,4470,6.3,0.05,0.6,348,11,222,22,3.5958,0,1.2198,1.8,0.5817
OOT981,7629,7565,7162,6957,7380,7183,7222,7014,7212,10695,6336,5572,6.52,0.4,0.15,127,24,843,23,1.844,1.1,1.4766,1.1,0.554
OOT896,3842,2161,2124,2034,2306,2734,2908,2892,2972,7271,2481,2102,4.89,0.08,0.8,560,92,77,32,15.674,0.5,1.8618,28,4.986
OOT898,1680,1754,2002,1891,2543,4118,4736,4733,4959,5579,3626,2530,6.27,0.03,0.34,221,12,146,12,2.8121,5.2,4.173,6.3,2.3545
OOT898,1680,1754,2002,1891,2543,4118,4736,4733,4959,5579,3626,2530,6.27,0.03,0.34,221,12,146,12,2.8121,5.2,4.173,6.3,2.3545
OOT913,1905,2387,2662,2495,3319,5018,5603,5635,5847,6364,4211,3014,6.65,0.09,0.9,160,14,67,11,4.5178,8.4,2.9211,3.2,0.3047
OOT896,3842,2161,2124,2034,2306,2734,2908,2892,2972,7271,2481,2102,4.89,0.08,0.8,560,92,77,32,15.674,0.5,1.8618,28,4.986
OOT893,3747,3852,3784,3593,4107,4915,5254,5203,5364,8137,4269,3830,6.3,0.03,0.5,221,199,334,29,10.142,11.1,0.7062,1.1,1.2742
OOT899,7333,6218,6076,5911,6128,6548,6960,6415,7011,2599,5226,4073,4.8,0.4,0.32,127,12,12,53,2.2589,1.3,0.7383,1.1,0.7202
OOT902,5530,5394,5339,5222,5761,6290,6548,6384,6598,9015,5398,4758,6.4,0.1,0.23,235,2.5,843,4.75,3.688,1.1,2.7285,6,0.5817
OOT198,4167,3845,3773,3622,4009,4610,4972,4779,5088,6476,4190,3801,6.34,0.4,0.16,315,17,327,1.2,0.62696,1.23,0.6741,2.4,0.3601
OOT901,5703,4891,4978,4848,5549,6499,6834,6592,6873,10179,5124,4091,6.83,0.12,0.12,220,19,365,1.5,3.1809,2.5,1.2519,3.5,0.77837
OOT903,4664,5551,5405,5223,5703,6206,6472,6295,6552,8356,5164,4472,5.95,0.07,0.32,127,27,12,23,5.071,3.9,3.852,4.3,0.3601
OOT891,9078,10284,9780,9454,10021,9536,9409,9136,9251,14115,5994,4645,6.3,0.05,0.23,235,11,222,23,0.9681,1.1,1.4766,1.1,0.3601
OOT895,7038,3134,3254,3262,3822,4498,4774,4627,4889,13075,4205,3402,6.3,0.05,0.6,348,11,222,22,3.5958,0,1.2198,1.8,0.5817
OOT897,1961,2024,2312,2490,2993,3625,3926,3868,4082,4370,4059,3159,5.92,0.03,0.6,258,65,146,11.3,0.6454,2.4,0.6741,0.6,0.3601
OOT993,2171,1985,2109,1963,2481,3571,3965,3978,4184,5455,3213,2436,6.3,0.05,0.23,227,24,12,23,0.9681,1.1,0.6741,1.8,0.6925
OOT900,9348,10152,9736,9466,9996,9742,9785,9466,9702,12944,7217,5709,6.3,0.19,0.73,282,10,185,5,2.7199,1.8,6.2595,1,1.3573
OOT905,4893,4286,4210,3992,4512,5474,5897,5760,6006,9311,4185,3416,6.28,0.1,0.01,25,24,56,21,0.9681,11,3.21,4.3,0.554
OOT001,3429,3139,3092,2955,3152,3675,4022,3917,4154,1893,2363,1997,7.18,0.08,0.6674,413,54,308.2,0.001,0.5532,0.001,0.0321,0.01,0.14958
OOT002,7461,7804,7137,6631,7152,6680,6463,6504,6300,15771,3591,3122,8.86,0.23,0.64647,323,196.4,4215,0.001,1.4752,0.001,3.4989,0.01,0.8864
OOT003,1324,1222,1315,1265,1635,2351,2536,2470,2644,5394,1529,1127,8.66,0.352,0.1332,560,258.9,300.9,0.001,7.1455,2.1,3.1779,0.01,1.0249
OOT004,3762,3335,3285,3098,3309,3910,4259,4186,4375,2107,2327,1956,7.3,0.452,0.9453,560,231.7,262.8,0.001,7.0533,1.3,2.1507,0.01,0.4155
OOT005,541,547,889,871,1493,2823,3250,3291,3569,3573,2636,1652,4.76,0.125,0.545,432,51.4,108.6,0.001,10.0037,0.001,7.5756,0.01,0.8864
OOT006,1261,1875,2027,1929,2481,3686,4023,4000,4216,4017,3256,2563,4.5,0.186,0.006,313,57,94.5,0.001,0.1383,0.001,0.5778,0.01,1.8005
OOT007,836,817,1022,829,1367,2916,3330,3325,3608,3490,2006,1111,5,0.136,0.6466,344,24,114,0.001,0.0461,0.001,1.2198,0.01,0.14958
OOT008,3034,2738,2826,2680,3189,4172,4456,4329,4639,5131,3631,2982,6.4,0.137,0.3255,231,34,71.5,0.001,0.1844,0.001,0.6741,0.01,1.93623
OOT009,3994,3695,3597,3417,3589,4044,4368,4296,4460,1999,2615,2228,5.7,0.325,0.6987,231,67,70.5,0.001,0.0461,0.001,1.2519,0.01,0.34625
OOT010,3969,3750,3659,3487,3673,4148,4488,4399,4579,1996,2733,2311,5.19,0.28,0.2589,423,46,189.6,0.001,0.5993,0.001,8.7312,0.01,1.40162
OOT011,3803,3657,3559,3380,3570,4074,4423,4363,4512,1979,2607,2202,7,0.158,0.0003,234,296.4,175.8,0.001,0.8298,0.001,0.7704,0.01,0.92241
OOT012,3762,3335,3285,3098,3309,3910,4259,4186,4375,2107,2327,1956,5.56,0.17,0.0003,453,28.6,55.2,0.001,0.5532,0.001,0.7704,6.3,0.93626
OOT013,2715,2509,2529,2345,2569,3276,3661,3626,3826,1810,2031,1537,5.85,0.39,0.0002,153,46,52.4,0.001,0.3688,18.3,2.6322,0.01,1.385
OOT014,4190,3768,3679,3514,3696,4142,4471,4369,4568,2074,2686,2310,5.99,0.196,0.0003,325,78,92.5,0.001,0.0461,3.7,2.36256,0.01,1.75064
OOT015,5948,5090,4952,4787,4977,5310,5642,5400,5706,2716,3325,2654,4.69,0.22,0.0003,354,57.2,26.3,0.001,0.0461,50.4,5.94492,0.01,0.31578
OOT016,357,408,756,726,1371,2895,3307,3303,3547,3325,2397,1400,5.3,0.001,0.0003,254,97,157,0.001,0.0461,5.4,7.7361,0.01,1.94177
OOT017,3153,2819,2800,2646,2865,3478,3840,3746,3973,2009,2050,1701,6.87,0.001,0.5598,560,393.6,263.5,0.001,8.8051,0.001,4.9113,5.1,2.63704
OOT018,1356,2280,2381,2206,2787,4162,4571,4554,4809,4899,3602,2869,7.74,0.001,0.9571,560,312.5,126.3,0.001,1.4752,0.001,0.8346,1.5,2.67859
OOT019,6498,5851,5689,5524,5726,5991,6305,5999,6355,2761,3777,2808,6.82,0.001,2.213,560,15,259.3,0.001,0.6454,0.001,11.66514,0.01,3.1024
OOT020,1356,2280,2381,2206,2787,4162,4571,4554,4809,4899,3602,2869,6.83,5.83,0.1478,331,3.5,125.2,0.001,1.4752,0.001,0.321,0.01,2.6592
OOT021,2939,1180,1466,1085,1250,1539,1660,1588,1708,3544,1225,778,6.65,0.635,0.258,324,16,302.4,0.001,23.5571,0.001,0.00321,0.01,1.2465
OOT022,2848,3112,3047,2844,3244,3811,3923,3818,4042,7092,2813,2360,7.52,0.121,0.0003,343,15,249.9,0.001,33.0076,0.001,15.3438,281.4,1.7728
OOT023,1203,2206,2228,2025,2398,2979,3126,3080,3237,3740,2262,1809,7.59,0.27,0.0003,133,46,452.6,0.001,5.6703,0.001,20.1909,0.5,0.36841
OOT024,4459,5581,5346,5019,5426,5752,5777,5613,5864,7939,4454,3830,7.93,0.15,0.369,43,21,159.3,0.001,1.5674,0.001,0.4815,0.5,0.5263
OOT025,2150,2627,2601,2366,2786,3563,3718,3693,3832,5841,2639,1979,4.22,0.754,1.16,560,41,258.1,0.001,5.5781,0.001,1.7334,0.01,1.8559
OOT026,1760,2615,2496,2256,2599,3142,3273,3144,3337,3716,2196,1649,7.43,0.18,0.6956,499,46,510.6,0.001,0.7837,0.001,4.58067,0.01,4.2658
OOT027,1261,1875,2027,1929,2481,3686,4023,4000,4216,4017,3256,2563,4.54,1.34,0.4593,435,23,148.9,0.001,0.5532,3.7,2.8569,0.01,1.20218
OOT028,1701,544,806,704,1287,2914,3451,3448,3751,4574,2173,1419,5.31,0.16,0.5814,560,49,1598,0.01,0.6915,0.001,0.82176,51.5,3.4071
OOT029,331,375,720,438,1298,3645,4403,4395,4767,4497,2473,1204,5.53,0.111,0.8879,560,97,546.4,0.001,3.3192,0.001,2.09934,0.2,1.1357
OOT030,4972,4460,4302,4187,4422,4308,4433,4190,4410,8006,2314,1917,4.74,0.24,0.2798,560,67,438.8,432.1,4.9327,0.001,0.963,14.6,3.7949
OOT031,451,507,820,699,1006,1612,1835,1823,1961,2941,1366,884,5.03,0.77,0.5611,348,47,642.5,0.001,2.9043,0.001,2.0544,42.8,0.8864
OOT032,451,507,820,699,1006,1612,1835,1823,1961,2941,1366,884,7.05,0.22,0.0209,11,54.3,72.85,0.001,3.7802,0.001,0.4815,0.01,4.3212
OOT033,16286,13884,12916,12090,12732,11921,11477,11685,11337,16534,8069,6922,6.16,0.56,0.1598,353,191.4,42.7,0.001,0.5532,0.001,1.3482,0.01,3.20489
OOT034,4981,4507,4360,4169,4335,4732,5086,4957,5164,2304,2954,2384,5.61,0.33,0.5324,560,28.4,267.8,0.001,3.5958,0.001,2.1186,0.01,3.9334
OOT035,465,398,697,475,1195,3062,3681,3752,3925,3368,2275,1218,7.09,5.31,0.6231,560,45,287.5,0.001,1.1525,0.001,0.6741,0.01,0.26869
OOT036,8465,7418,7197,7017,7329,6997,7063,6714,6964,12676,3418,2572,5.1,0.13,0.8964,560,65,42.74,0.001,19.823,0.001,0.29532,0.01,1.19387
OOT037,6703,6757,6562,6395,6790,6605,6721,6395,6680,11530,4029,3345,5.1,0.13,0.8964,560,98,827.1,0.001,19.823,0.001,0.17976,0.01,1.1357
OOT038,8465,7418,7197,7017,7329,6997,7063,6714,6964,12676,3418,2572,4.81,0.17,0.056,235,56,728.1,0.001,3.2731,0.001,0.10914,0.01,0.8864
OOT039,686,622,806,511,750,1262,1398,1380,1468,1155,986,561,5.15,0.63,0.0994,560,45,3.5,0.001,1.0603,0.001,3.6594,3.7,2.2437
OOT040,1173,848,924,804,1111,1848,2066,2105,2199,3479,1291,837,5.66,0.84,0.3574,514,192.6,20.7,0.001,8.3902,0.001,3.7557,18.3,0.1662
OOT041,845,552,845,592,1297,3259,3795,3854,4087,3652,2297,1157,5.07,0.4,0.2973,166,25,54.1,0.2,1.844,0.001,2.0544,0.01,2.77
OOT042,9747,6416,6121,5763,6219,6483,6457,6447,6525,14831,5344,4398,6.18,0.67,0.2868,160,229.4,311.7,0.1,4.3334,0.001,4.5903,21.1,0.6371
OOT043,467,391,604,442,973,2547,2939,2975,3206,3339,1801,906,6.52,0.46,0.3438,192,56.8,174.1,0.001,2.9043,0.001,0.4173,0.01,0.4155
OOT044,9747,6416,6121,5763,6219,6483,6457,6447,6525,14831,5344,4398,5.9,0.44,0.1183,66,246.6,145.8,0.001,0.8759,0.001,3.9483,0.01,0.0831
OOT045,9747,6416,6121,5763,6219,6483,6457,6447,6525,14831,5344,4398,6.9,0.33,0.0003,343,91,231.9,0.001,1.7979,0.001,0.15408,0.01,1.3019
OOT046,254,123,171,122,269,594,692,648,731,2665,396,225,6.2,0.79,0.1278,71,83.1,243,0.001,1.383,0.001,1.6371,10.6,0
OOT047,8535,7500,7363,7226,7718,7497,7580,7176,7577,13325,4548,3482,6.2,0.71,0.0003,334,105.2,235.9,0.2,2.4433,0.001,1.9581,21.3,0.6648
OOT048,227,381,707,707,1229,2533,2855,2907,3032,3250,2202,1314,5.22,0.38,0.1582,560,24,701,0.001,0.6454,0.001,1.7334,0.01,1.6066
OOT049,229,324,652,616,1164,2658,3044,3098,3233,3582,2208,1225,6.21,0.2,0.001,560,84,1086.4,0.1,48.4972,0.001,2.3112,0.01,1.24096
OOT050,3895,3398,3343,3161,3373,3968,4326,4234,4434,2158,2384,2025,5.97,0.73,0.0432,560,98,169.7,17.3,0.5532,0.001,0.3531,0.01,0.64541
OOT051,2017,2828,2863,2757,3215,3862,4039,3979,4168,5048,3486,3062,6.43,0.33,0.0003,23,91,128.1,0.001,5.1632,0.001,0.8667,0.01,1.3019
OOT052,6517,6530,6419,6209,6700,6738,6885,6171,6893,10015,4186,3572,5.36,1.02,0.0995,560,35,134.2,0.2,114.1897,0.001,1.4766,8.5,0.58724
OOT053,1229,1116,1282,1208,1623,2574,2880,2649,3071,3048,2047,1575,6.49,0.38,0.0003,24,19.3,22.3,0.1,6.915,0.001,0.39483,0.01,1.0249
OOT054,2121,3046,3037,2864,3273,3898,4050,3978,4180,3877,3372,2837,6.79,0.42,0.0477,26,67.8,224.2,3,5.8086,0.001,0.7383,0.01,1.9667
OOT055,462,477,691,453,1071,2942,3605,3712,3882,3724,2042,1025,7.46,0.4,0.2478,138,36,148.2,0.001,18.901,0.001,4.58388,0.01,1.22711
OOT056,2780,578,908,777,1314,2726,3061,3009,3192,5241,1943,1223,7.18,0.22,0.056,343,84,536.2,0.001,12.15196,0.001,1.6692,0.01,0.3601
OOT057,442,513,739,580,1117,2672,3166,3219,3332,3293,1969,1122,6.75,0.33,0.3698,231,57,171.2,0.001,11.69096,0.001,4.0767,0.01,1.3019
OOT058,339,386,629,515,1081,2679,3237,3344,3446,3479,2110,1198,5.48,0.24,0.2587,343,569.2,97.1,0.6,0.6915,0.001,1.7976,0.01,2.90019
OOT059,442,513,739,580,1117,2672,3166,3219,3332,3293,1969,1122,7.49,0.17,0.1478,213,15,17.3,0.001,1.1064,0.001,0.642,0.01,3.28799
OOT060,403,494,710,492,1092,2801,3479,3534,3710,3492,1857,980,7.26,0.38,0.5627,350,62.3,132.57,0.001,1.6135,0.001,0.82176,0.01,3.28245
OOT061,355,436,703,564,1115,2641,3045,3030,3233,3231,1776,994,6.73,0.38,0.1367,76,35,234,0.001,1.6596,0.001,4.5582,0.01,1.4681
OOT062,2646,2500,2494,2353,2549,3250,3689,3620,3835,1529,2029,1580,6.37,0.305,0.233,130,35,406,0.001,1.7518,0.001,3.6915,0.01,1.95285
OOT063,3438,3264,3182,3005,3183,3735,4101,4058,4207,1806,2380,1971,6.91,0.82,0.2295,128,89.4,117.2,0.001,0.8298,17.6,0.53928,0.01,0.88917
OOT064,639,705,759,653,919,1838,2138,2286,2316,2978,1388,831,5.74,0.31,0.052,29,674.5,40.2,0.1,0.8759,0.001,0.00321,0.01,1.9667
OOT065,2179,2749,2716,2558,3008,3799,4170,4140,4325,6851,2385,1748,5.33,0.4,0.1572,88,45,206.2,0.3,9.9576,0.001,2.5359,0.01,1.31021
OOT066,8046,8329,7996,7730,8185,7786,7784,7594,7703,13366,4376,3363,5.02,0.64,0.3732,209,95,109.4,0.1,0.72838,0.001,2.6964,0.01,1.58998
OOT067,426,241,433,327,816,2231,2672,2777,2945,2929,1512,736,7.31,5.36,0.056,321,55,56.7,6.1,110.2712,109.5,2.7285,103.3,0.0831
OOT068,4154,4182,4037,3930,4152,4064,4197,3950,4175,6667,2170,1797,5.52,0.95,0.2356,560,75,344.5,0.001,25.1706,0.001,3.58557,0.01,1.89745
OOT069,7715,6816,6223,5634,6114,5974,5783,5936,5723,16389,2065,2309,6.04,0.39,0.36987,143,15,269.1,0.1,11.4789,0.001,0.84423,0.01,3.4071
OOT070,2633,2850,2886,2844,3191,3552,3797,3650,3880,6322,2611,2250,6.75,0.72,0.4593,560,25,100.1,0.001,12.3548,278.9,27.0603,0.01,1.78665
OOT071,355,436,703,564,1115,2641,3045,3030,3233,3231,1776,994,7.82,0.34,0.172,96,65,127.3,0.001,1.6135,0.001,11.12265,0.01,0.8587
OOT073,5529,4902,4551,4128,4601,4798,4760,4825,4776,16395,1954,2029,6.32,0.65,0.51555,446,15,113.3,0.001,24.1103,0.001,14.70501,0.01,2.42098
OOT074,4017,5894,5752,5560,6165,6261,6337,6223,6287,8626,5544,5152,5.83,0.17,0.16164,445,65,342.4,0.2,0.93583,0.001,1.52796,0.01,0.3601
OOT075,390,470,705,546,1132,2884,3483,3503,3673,3825,2057,1166,5.38,0.26,0.0003,221,98,133.4,0.5,1.17094,0.001,5.23872,0.01,0.42658
OOT076,4706,4162,3947,3648,4055,4457,4536,4415,4572,10098,2700,2442,4.67,0.11,0.001,560,75,142.3,0.001,1.40605,0.001,2.6643,0.01,1.9113
OOT077,496,361,490,346,815,2134,2599,2640,2861,2892,1604,826,6.6,0.61,0.7691,560,15,98.6,0.001,2.07911,0.001,6.95286,0.01,0.4986
OOT078,412,459,609,579,984,1924,2319,2381,2616,2658,2122,1293,4.67,0.77,0.7691,560,15,198.2,0.4,3.9646,0.001,9.80976,0.01,3.324
OOT079,6137,5625,5188,4670,5151,5334,5244,5419,5218,16343,2078,2153,6.17,0.46,0.0894,50,25,246.6,0.001,4.3795,0.001,10.70535,0.01,1.9113
OOT080,4696,4252,3977,3597,4031,4283,4260,4404,4284,15102,2013,1941,7.05,0.15,0.4593,131,35,412.7,0.2,1.22165,0.001,2.28231,0.01,1.76172
OOT081,9538,7908,7315,6780,7359,7007,6747,6631,6639,16318,2356,2936,5.67,0.3,0.64646,313,45,218.3,0.001,12.2165,0.001,2.3112,26,1.26312
OOT082,5268,4675,4366,3969,4416,4613,4570,4637,4577,16340,1800,1868,6.38,0.65,0.1388,77,63.7,127.3,0.001,11.525,0.001,2.3112,0.01,1.5512
OOT083,6529,6426,5818,5216,5658,5568,5388,5656,5329,16417,1864,2046,5.53,0.32,0.0003,131,400.8,117.5,0.1,23.972,0.001,1.3482,0.01,0
OOT084,2179,3057,3019,2841,3267,3881,4116,4116,4158,5498,3376,2911,4.68,0.17,0.14154,131,75,68.5,0.1,1.383,0.001,0.5457,0.01,0.01108
OOT085,2475,2557,2578,2415,2929,3771,4090,3986,4159,6212,3146,2625,5,0.11,0.34164,323,95,73,5.2,16.596,0.001,1.5408,80.4,1.19664
OOT086,8050,7424,6984,6526,6816,6766,6674,6564,6616,12913,3928,3386,6.52,0.15,0.0003,433,65,127.2,0.001,3.05182,0.001,3.8199,0.01,0.13573
OOT087,9288,8424,7912,7405,7685,7512,7375,7233,7283,14474,4239,3545,7.15,0.26,0.0003,44,35,117.3,0.001,0.62235,0.001,1.8297,0.01,0.06925
OOT088,1208,1210,1417,1216,1810,3230,3669,3626,3925,4277,2325,1410,7.32,0.74,0.0975,560,21,242.2,0.001,0.28582,0.001,0.5457,0.01,0.554
OOT089,4974,4020,3893,3643,4032,4539,4647,4556,4714,8104,3465,3058,6.76,0.39,0.6509,449,123.1,127.3,0.001,30.6565,0.001,1.7655,0.01,0.19944
OOT090,479,989,1074,860,1318,2444,2856,2924,2990,2361,1828,1137,5.91,0.2,0.4535,560,87,150,12.7,0.922,0.001,0.2889,0.01,0.7202
OOT091,7694,6824,6219,5608,6105,6089,5941,6115,5884,16393,1888,2126,6.86,0.17,0.0003,223,45,158.1,0.1,30.2416,0.001,0.7704,0.01,0.4432
OOT093,6477,5431,5244,5056,5266,5495,5770,5563,5818,2798,3474,2657,5.5,0.153,0.4593,275,95,121.3,0.001,2.8582,5,1.7655,0.01,1.7451
OOT094,6477,5431,5244,5056,5266,5495,5770,5563,5818,2798,3474,2657,5.28,0.19,0.0003,422,65,103.2,0.001,6.915,0.001,1.284,0.01,1.98055
OOT095,1856,3269,3248,3015,3596,4321,4513,4590,4615,6481,4005,3462,7.56,0.22,0.1394,78,24.6,138.1,942.9,12.2165,0.001,0.07062,25.3,1.1911
OOT096,8184,6681,6283,5899,6050,6157,6203,5902,6220,9288,3449,2582,6.1,0.13,0.7248,560,95,325,0.001,0.06915,0.001,0.12198,0.01,1.5512
OOT097,9459,8618,8101,7602,7849,7642,7504,7256,7418,13417,4117,3434,6.76,0.1,0.44154,517,64,137,0.001,31.58772,0.001,0.02568,0.01,3.33231
OOT098,7665,6962,6573,6197,6460,6457,6428,6176,6398,11454,3684,3215,4.45,5.74,0.0029,136,293,108.6,0.001,2.54472,0.1,0.09309,0.01,1.4681
OOT099,202,307,481,333,605,1159,1307,1321,1400,2725,981,569,5.24,0.12,0.0003,46,97,217,0.001,30.6104,0.001,0.30174,0.01,1.75064
OOT100,219,294,527,330,926,2758,3367,3459,3649,3037,1769,827,5.77,0.07,0.0261,14,36,327,0.5,3.9646,0.001,0.02568,0.01,0.63987
OOT101,8912,8243,7716,7233,7452,7363,7283,7071,7220,12664,4300,3369,6.67,0.06,0.099,560,35,147,0.001,2.4894,0.001,0.15729,0.01,0
OOT102,8912,8243,7716,7233,7452,7363,7283,7071,7220,12664,4300,3369,6.01,0.15,3.2,560,34,325,0.001,2.8121,0.001,0.29853,0.01,0.21606
OOT103,10944,9799,9324,8952,9445,8893,8698,8164,8613,14954,4523,3232,6.44,0.09,0.0003,134,741.7,326.158,0.001,4.3334,0.001,0.3531,0.01,2.6038
OOT104,10293,9579,9046,8616,9105,8555,8336,7923,8252,14852,5200,3939,7.23,0.08,2.311,560,65,237,0.001,2.6277,0.001,0,18.7,1.66477
OOT105,10707,8011,7707,7440,7489,7756,8037,7206,8156,3200,4040,2778,5.95,0.09,3.22,560,95,117,0.001,2.86281,0.001,3.8199,0.01,3.31015
OOT106,321,297,581,485,1051,2591,2999,3156,3225,3134,2125,1169,5.05,0.61,0.4641,560,45,232,0.001,3.48516,0.001,0.8025,0.01,1.9667
OOT107,177,181,318,202,541,1633,1957,2089,2154,2195,1404,748,6.76,0.1055,0.563464,230,85,121,0.001,6.6845,0.001,1.1877,0.01,3.75335
OOT108,177,181,318,202,541,1633,1957,2089,2154,2195,1404,748,6.32,0.13,0.4593,113,35,437,0.001,4.24581,0.001,0.15087,0.01,1.13293
OOT109,580,455,681,516,1106,2630,3125,3087,3332,3338,2017,1093,7.2,0.08,1.344,560,35,119,0.001,1.64116,0.2,0.3531,0.01,1.2742
OOT110,9988,8729,8269,7858,7923,8017,8161,7710,8163,2919,3811,2551,7.22,0.1,2.1553,560,34,123,0.001,16.1811,0.001,2.4396,0.01,0.64264
OOT111,9933,8096,7732,7405,7432,7625,7847,7184,7913,2846,3776,2554,6.61,0.076,0.87,560,32,456,0.001,0.14752,0.001,2.3112,0.01,1.75064
OOT112,324,427,551,457,764,1427,1632,1510,1651,1531,1011,667,6.44,0.18,0.5251,308,65,789,0.001,0.71916,0.001,1.0914,0.01,2.9362
OOT113,240,185,439,281,848,2436,2904,3073,3184,3052,1862,930,5.15,0.23,1.95,560,95,125,0.001,0.685046,0.001,1.1877,0.01,0.65095
OOT114,262,200,464,347,890,2300,2712,2850,2938,3024,1760,937,5.74,0.19,0.45446,134,65,227,0.001,11.525,0.001,2.3112,0.01,3.96664
OOT115,580,455,681,516,1106,2630,3125,3087,3332,3338,2017,1093,5.27,0.176,0.767,560,65,22.3,0.001,1.11101,0.001,0.9951,0.01,2.3822
OOT116,1161,1768,1899,1770,2197,2993,3213,3213,3348,3302,2694,2033,5.18,0.42,0.0161,560,15,24.9,0.001,0.461,0.001,0.642,0.01,0.7202
OOT117,2430,1421,1538,1505,1838,2373,2560,2406,2647,6695,1433,1245,5.3,0.08,0.001,560,78,179.2,0.001,0.0461,0.001,0.04494,0.01,0.00277
OOT118,1562,1425,1486,1391,1659,2139,2284,2306,2364,4923,1364,1108,5.07,0.073,0.0004,131,56,157,0.001,0.069611,0.001,0.74472,0.01,4.2381
OOT119,523,788,951,822,1305,2518,2924,2917,3094,2738,2145,1398,4.47,0.15,0.46541,433,65,117.6,0.001,0.583165,0.001,1.30005,0.01,2.27417
OOT120,1660,1497,1577,1449,1789,2471,2720,2669,2807,4529,1431,1138,7.85,0.12,0.4654,134,75,324.7,0.001,7.15011,0.001,2.1507,0.01,0.8864
OOT121,321,297,581,485,1051,2591,2999,3156,3225,3134,2125,1169,6.37,0.13,0.4593,313,85,112.7,0.001,23.76916,0.001,0.59385,0.01,4.155
OOT122,9860,7699,7343,7034,7028,7260,7506,6862,7597,2783,3662,2499,5.45,0.16,0.0128,894,45,32.7,0.001,0.2374611,0.001,0.64521,0.01,3.0747
OOT123,12320,9973,9581,9236,9410,9526,9716,8922,9749,3923,4762,3074,7.36,0.06,3.1525,560,84,427.2,0.001,23.61703,0.001,0.62274,0.01,1.9944
OOT124,5757,5108,4709,4255,4713,4844,4838,4842,4744,16032,2506,2461,6.54,0.11,0.2713,560,87,528.5,0.001,5.3015,0.001,0.642,0.01,0.00831
OOT125,8074,6923,6353,5766,6278,6242,6091,6173,6037,16342,2049,2314,4.94,0.2,0.0003,486,56,159.3,0.001,10.379415,0.001,4.75722,0.01,1.17171
OOT126,5685,5195,4727,4223,4646,4748,4703,4876,4575,15725,2575,2414,7.66,0.15,0.4124,465,23,324.2,0.001,0.6454,0.001,0.1605,0.01,0.4986
OOT127,3894,2561,2636,2514,2964,3658,3885,3750,3916,9456,2295,1932,6.82,0.77,0.9902,560,44,419.4,0.001,2.4894,0.001,2.08971,0.01,1.5512
OOT128,401,599,864,839,1380,2670,3112,3190,3330,3905,2287,1434,4.68,0.46,0.46133,234,55,235.7,0.001,1.4752,0.001,0.38841,0.01,3.4902
OOT129,2407,1219,1397,1272,1755,2995,3405,3364,3630,3950,2286,1504,6.37,0.14,0.7495,559,133.6,327,0.001,1.9362,0.001,12.84,0.01,1.8559
OOT130,417,581,902,1017,1467,2488,2862,2922,3023,3002,2291,1602,5.37,0.8,0.44164,132,25,427.2,0.001,2.5816,0.001,0.80571,0.01,2.8254
OOT131,177,301,401,362,562,1120,1338,1393,1425,1578,722,518,8.38,0.4,0.0003,234,35,697,0.001,2.9965,0.001,0.4815,0.01,1.4404
OOT132,556,723,906,911,1176,1645,1809,1737,1876,2761,1067,864,5.34,6.17,0.056,324,45,694.1,5,2.5816,0.001,2.3112,0.01,3.77274
OOT133,157,300,577,588,1022,2058,2370,2326,2479,2494,1752,1092,5.6,0.41,0.3622,202,25,479.4,0.001,2.3511,0.001,0.04815,0.01,1.1911
OOT134,417,581,902,1017,1467,2488,2862,2922,3023,3002,2291,1602,4.16,0.63,0.056,243,12,1859,0.001,30.1494,0.001,0.05457,0.01,0.36564
OOT135,132,230,388,274,670,1756,2131,2145,2304,2112,1332,703,4.53,0.25,0.7455,555,15,117.9,0.001,3.4575,0.001,0.2247,0.01,1.29082
OOT136,7087,6895,6458,6107,6156,5989,6044,5801,5945,7071,2545,2146,4.81,0.169,0.512,204,78,124.7,0.001,3.8724,0.001,0.10272,0.1,2.34342
OOT137,7087,6895,6458,6107,6156,5989,6044,5801,5945,7071,2545,2146,4.31,0.87,0.1314,342,98,135.9,0.001,2.8121,0.001,0.0963,0.01,0.03878
OOT138,1530,896,1072,995,1343,2104,2365,2280,2473,4481,1215,912,4.31,0.87,0.1234,354,25,235.9,0.001,1.08335,0.001,0.2568,0.01,2.6592
OOT139,2047,1671,1708,1559,1892,2559,2814,2793,2902,5028,1471,1169,5.96,0.44,0.9902,324,31,152,0.001,7.1455,0.001,0.135783,0.01,0
OOT140,745,1142,1326,1433,1914,2712,2985,3003,3226,3338,2471,2100,6.57,0.29,0.0003,324,138.6,109.8,0.2,2.3511,0.001,0.13482,31.1,2.1052
OOT141,765,846,1022,944,1361,2302,2623,2702,2775,3444,1764,1221,6.57,0.6,0.4484,251,152,224.7,0.001,5.32455,0.001,0.207045,0.01,0.72297
OOT142,1277,1682,1889,1830,2314,3445,3719,3617,3827,3933,2917,2107,6.84,0.17,0.7703,560,15,125,0.001,23.7876,0.001,10.4646,0.01,0.277
OOT143,132,238,549,602,1005,1983,2256,2343,2368,2528,1668,1032,6.46,0.09,0.5258,308,23,327.1,0.001,1.1525,0.001,18.2649,0.01,1.1911
OOT144,117,278,588,652,1090,2310,2684,2849,2892,2148,2159,1325,5.4,0.18,0.1418,560,22,1247,0.001,1.68265,0.001,28.7616,0.01,0
OOT145,117,278,588,652,1090,2310,2684,2849,2892,2148,2159,1325,6.06,0.15,0.77,560,17,325.7,0.001,2.4894,0.001,3.36087,0.01,0.6371
OOT146,73,133,337,257,593,1518,1792,1913,1956,2469,1104,570,6.21,0.18,0.7625,560,79,1121,0.001,3.4575,0.001,3.54384,0.01,0.34625
OOT147,368,298,526,401,942,2323,2722,2695,2953,2943,1774,947,5.74,0.06,0.3644,204,96,325,0.001,3.7341,0.001,3.32556,0.01,0.36564
OOT148,33,82,289,169,614,2156,2675,2863,2921,2746,1305,599,6.25,0.1,0.4968,278,65,32,0.001,4.4256,0.001,2.42676,0.01,1.14955
OOT149,8285,9643,9160,8740,9404,9198,9134,9151,9084,14649,7004,6234,6.31,0.001,0.0003,324,178.8,172.7,0.001,9.2661,2.2,2.3433,0.01,1.0249
OOT150,8285,9643,9160,8740,9404,9198,9134,9151,9084,14649,7004,6234,7.38,0.532,0.95,560,74.9,133.6,0.001,16.8265,0.001,7.32201,0.01,0.31301
OOT151,372,447,774,759,1306,2614,2974,3076,3222,3232,2562,1482,5.86,0.14,0.14654,452,78,352.7,0.1,2.5816,0.001,2.3754,0.01,2.63704
OOT152,172,284,559,384,1039,2852,3515,3517,3758,3619,2110,1121,6.42,0.06,0.4654,234,96,235,0.001,1.844,0.001,2.2791,0.01,0.5263
OOT153,5524,4225,4265,4119,4675,5325,5622,5398,5688,9698,4878,4258,5.05,0.25,0.5344,321,32,249,0.001,2.3972,4.3,3.60483,0.01,0.40165
OOT155,277,407,721,664,1192,2780,3358,3302,3485,3427,2103,1306,6.54,0.53,0.46414,124,41,112.3,0.001,3.5036,4.3,0,0.01,1.31021
OOT156,210,260,468,427,906,2049,2455,2489,2690,2548,1937,1130,4.85,0.23,0.452441,343,111,100.1,0.001,4.7483,4.3,6.27876,0.01,0.42381
OOT157,212,372,582,547,925,1957,2306,2466,2494,2592,1684,1027,6.19,0.31,0.54165,214,102,127.5,0.001,9.4966,4.3,3.96756,0.01,2.0221
OOT158,132,212,376,320,664,1589,1875,2036,2107,1863,1482,805,5.28,0.18,0.6646,143,251,327.5,0.001,5.3015,4.3,4.48437,0.01,0.87809
OOT159,11559,9769,9110,8542,8918,8351,8082,7694,7946,13469,4644,3268,6.81,0.15,0.0003,132,24.6,23,3.3,9.8654,0.001,0.4494,0.01,2.37112
OOT160,14506,13320,12695,12090,12678,11894,11542,10879,11333,15616,6530,4651,6.78,0.85,0.056,145,33.8,73.6,8,0.1383,1.1,0.8025,0.01,2.36835
OOT161,4500,2130,2164,1981,2469,3370,3624,3426,3764,10925,2254,1571,6.39,0.47,0.0003,134,36.2,71.2,6.8,0.1844,1.4,4.12485,0.01,1.26312
OOT162,10597,10804,10204,9649,10119,9514,9228,8800,9065,13358,5842,4001,6.31,0.1,0.0003,312,56.1,48.1,17.3,0.0461,2.2,0.46545,0.01,2.37112
OOT163,10466,9839,9424,9034,9562,9154,8958,8515,8879,13836,6417,4811,5.17,0.19,0.0003,132,33.2,66.6,0.001,0.1383,0.001,0.04815,0.01,2.58164
OOT164,10466,9839,9424,9034,9562,9154,8958,8515,8879,13836,6417,4811,5.49,0.15,0.0003,313,21,18.1,0.001,0.0461,0.001,0.0963,0.01,0.3601
OOT165,33,82,289,169,614,2156,2675,2863,2921,2746,1305,599,5.99,0.1,0.4074,228,30,374,0.001,14.5676,0.001,0.04173,0.01,0.61771
OOT167,991,364,602,328,930,2756,3240,3252,3455,3772,1634,756,6.85,1.42,0.2525,560,78,427.2,0.001,2.5816,0.001,14.5092,0.01,0.34625
OOT168,991,364,602,328,930,2756,3240,3252,3455,3772,1634,756,6.71,1.22,0.0307,560,96,323.4,0.001,2.3511,0.001,11.6202,0.01,1.19664
OOT169,2955,2286,2373,2202,2723,3613,3805,3748,3934,8440,3068,2596,5.23,0.97,0.8859,560,81,232.4,0.001,9.8654,0.001,16.9167,0.01,0.9972
OOT170,408,376,451,384,628,1189,1335,1289,1372,2425,936,571,5.59,0.88,0.1993,560,125,118.5,0.001,5.3476,0.001,1.03041,0.01,2.3545
OOT171,408,376,451,384,628,1189,1335,1289,1372,2425,936,571,5.53,0.92,0.6144,408,32,62.78,0.001,4.7022,0.001,0.48792,0.01,0.34902
OOT172,2201,471,709,608,1100,2467,2828,2806,2994,6651,1992,1101,6.77,1.58,0.1892,560,159,323.5,0.001,10.142,0.001,4.70265,0.01,1.5235
OOT173,822,326,477,318,688,1897,2241,2227,2366,4020,1219,621,6.18,1.11,0.056,241,321,56.7,0.001,2.4894,0.001,0.3852,0.01,0.65372
OOT174,466,249,419,235,685,2109,2550,2508,2724,2973,1300,596,5.14,0.66,0.8439,560,159,42.5,0.001,1.4752,0.001,0.7383,0.01,1.5235
OOT175,5339,4661,4449,4246,4433,4253,4192,3907,4171,6171,2358,1538,5.31,0.58,0.8552,560,258,127.5,0.001,7.0994,0.001,1.1877,0.01,1.17725
OOT176,10268,10049,9639,9216,9600,9122,8903,8594,8830,14410,5314,3808,5.79,1.21,0.0251,32,168,32.71,0.001,7.4682,0.001,0.11556,0.01,0.89194
OOT177,311,585,841,769,1246,2449,2771,2914,2973,2141,2131,1287,6.38,0.17,0.46549,14,157,225.2,0.001,8.8973,7.7,0.96942,0.9,1.4404
OOT179,477,521,713,615,1089,2227,2555,2666,2754,2829,2130,1275,5.7,1.4,0.4059,227,963,56.7,0.001,5.7625,0.001,0.14445,18.2,0.6925
OOT180,234,353,574,527,1009,2082,2453,2541,2651,2750,1978,1188,6.91,0.17,0.568,356,159,1358,0.001,5.8547,6.1,0.39162,3.8,0.00831
OOT181,233,356,645,589,1186,2563,3012,3148,3271,2836,2274,1367,7.03,0.17,0.464,324,258,258,0.001,1.383,2.4,0.18618,21.7,0.6371
OOT182,5377,4828,4611,4160,4750,5265,5388,5357,5335,16083,2605,2365,4.1,0.43,0.464,213,157,147,0.001,2.9965,0.001,0.00321,0.01,0.7202
OOT183,324,407,619,588,890,1550,1755,1829,1859,2823,1544,1084,4.96,0.37,0.0173,9,239,148.3,0.001,4.50858,0.001,5.53083,0.01,0.6925
OOT184,401,304,573,412,977,2598,3069,3234,3337,3000,2060,1075,6.25,0.15,0.1892,560,158,135.4,0.001,2.9504,3,3.32556,6.5,3.3517
OOT185,270,311,475,371,583,1084,1234,1269,1300,940,1034,683,5.8,0.11,0.938,560,147,147.5,0.001,3.5036,0.001,3.83595,0.01,1.7451
OOT186,5377,4828,4611,4160,4750,5265,5388,5357,5335,16083,2605,2365,5.07,0.61,0.4654,248,159,100.1,0.001,1.4752,0.001,1.5087,0.01,0.6648
OOT187,403,503,772,787,1231,2250,2521,2594,2667,2389,2173,1379,5.76,0.15,0.4654,345,12,3275,0.001,14.752,0.001,1.84575,0.01,1.01382
OOT188,400,477,810,828,1351,2641,2989,3092,3179,3261,2556,1570,5.73,0.19,0.2289,128,23,117.2,0.001,2.9965,3.2,7.8966,7.8,1.2465
OOT189,461,453,754,622,1219,2889,3322,3476,3529,3060,2298,1282,5.07,0.19,0.3454,324,14,222.2,0.001,2.0745,0.001,4.3656,0.01,1.4404
OOT190,322,396,712,716,1279,2652,3066,3231,3326,3234,2490,1492,4.48,0.21,0.454,234,77,325,0.001,1.4752,0.001,6.27876,0.01,3.63147
OOT191,339,347,596,404,1008,2825,3365,3518,3622,3238,2007,1008,5.21,0.19,0.8408,560,126,105,0.001,2.5816,0.001,7.5435,0.01,3.33785
OOT193,403,494,850,1107,1564,2467,2792,2888,2966,2911,2825,1932,5.84,1.17,0.464974,332,66.6,103.5,0.001,1.5674,0.001,6.24987,0.01,0.3878
OOT194,234,474,779,918,1287,2041,2297,2410,2404,3240,2167,1571,5.94,1.46,0.5791,368,147,327,0.001,2.62309,0.001,1.35141,0.01,3.4071
OOT195,8567,7825,7494,7169,7484,7121,6961,6608,6893,12294,3872,2713,5.75,0.98,2.51,560,12,129.3,0.001,2.40181,0.001,1.67883,0.01,0.4432
OOT196,5377,4828,4611,4160,4750,5265,5388,5357,5335,16083,2605,2365,5.65,0.05,0.8439,560,19,327,0.001,2.66458,0.001,3.63372,0.01,2.0221
OOT197,283,427,768,976,1410,2298,2618,2818,2858,3014,2712,1828,6.67,0.56,0.63467,314,18,430,0.001,2.5355,0.001,7.45041,0.01,2.3545
OOT198,337,368,594,520,982,2127,2508,2711,2737,2619,2006,1256,6.34,0.4,0.16346,315,17,327,0.001,4.8866,0.001,1.04325,0.01,2.1052
OOT199,283,427,768,976,1410,2298,2618,2818,2858,3014,2712,1828,6.65,0.07,0.1,423,35,391,0.001,5.3937,0.001,3.73965,0.01,0.3047
OOT200,283,427,768,976,1410,2298,2618,2818,2858,3014,2712,1828,5.42,0.14,0.4644,11,65,249,0.001,2.3972,0.001,1.70772,0.01,3.4071
OOT201,304,473,706,753,1138,2085,2428,2628,2672,2718,2321,1628,4.93,0.07,0.5641641,111,16,327,0.001,1.31846,0.001,1.96452,0.01,0.01385
OOT202,552,465,593,479,860,2027,2376,2481,2581,2991,1824,1039,4.97,0.22,0.4045,560,45,428,0.001,1.63194,0.001,1.03362,0.01,2.66751
OOT203,258,294,469,340,770,2041,2511,2716,2742,2805,1608,891,5.16,0.35,0.4539,560,65,117,0.001,2.83515,0.001,2.87937,0.01,4.2104
OOT204,400,477,810,828,1351,2641,2989,3092,3179,3261,2556,1570,4.45,1.28,0.41564,111,45,100.1,0.001,1.9823,0.001,2.17638,0.01,0.3878
OOT205,202,489,839,1011,1438,2359,2683,2900,2930,2664,2727,1845,5.14,0.29,0.1583,560,15,95,0.001,2.58621,0.001,0.05457,0.01,1.20772
OOT207,362,439,779,879,1378,2350,2664,2807,2971,2779,2724,1751,6.47,0.14,0.2516,560,45,35,0.001,0.288586,0.001,0.00321,0.01,2.0221
OOT208,221,292,536,467,971,2323,2753,2863,2978,3002,1845,1083,6.15,0.11,0.8567,560,45,49,0.001,2.2589,0.001,0.00321,0.01,2.7423
OOT209,362,436,722,837,1263,2180,2497,2632,2790,2921,2531,1656,5.82,0.14,0.3248,560,36,117,0.001,23.7876,0.001,0.08025,6.3,3.047
OOT210,174,243,531,467,1033,2467,2906,3031,3157,3291,2012,1131,6.27,0.43,1.0232,560,98,235,0.001,2.56316,0.001,0.15087,0.01,0.64264
OOT211,138,221,508,384,957,2404,2847,2988,3094,3304,1929,1061,5.4,0.3,0.2349,560,45,351,0.001,3.9646,0.001,0.40125,5,0.554
OOT212,138,315,576,565,1041,2150,2543,2790,2881,2407,2305,1371,5.7,0.107,0.164,321,46,257,0.001,4.4717,0.001,1.19412,0.01,0.6648
OOT213,130,189,466,435,955,2304,2714,2838,2949,3001,2014,1115,4.74,0.11,0.2318,560,85,238,0.001,3.49899,0.001,3.68187,7.3,3.11625
OOT214,123,214,558,460,1116,2678,3156,3294,3419,3271,2065,1152,4.93,0.11,0.9764,560,23,53.25,0.001,3.06565,0.001,1.84575,5.7,2.9362
OOT215,289,374,762,797,1336,2740,3128,3186,3259,2923,2265,1435,5.42,0.16,0.2816,560,11,493.7,0.001,1.9362,0.001,2.06082,0.01,0.3878
OOT216,523,604,865,993,1332,2037,2274,2366,2459,2709,2439,1893,7.19,0.14,1.0153,560,206,840.5,0.001,2.1206,0.001,3.12012,0.01,2.493
OOT218,379,369,624,673,1138,2222,2553,2751,2834,2770,2352,1427,5.09,0.149,0.0205,11,147,76.9,0.001,2.8121,0.001,1.67241,0.01,1.0249
OOT219,368,540,951,1146,1581,2708,3059,3239,3229,2862,2842,1919,5.52,0.09,0.8767,560,325,92,0.001,1.9823,0.001,3.71076,0.01,4.2381
OOT220,248,455,782,937,1333,2243,2570,2732,2736,2899,2482,1693,5.51,0.14,0.0003,231,500,34.1,16.1,13.1846,0.001,5.85504,0.01,0.9695
OOT221,2342,1543,1642,1505,1941,2780,2969,2977,3078,6373,2451,1848,5.55,0.38,0.464,47,432,1572,0.001,0.5532,0.001,1.27437,0.01,0.8033
OOT222,273,377,750,839,1363,2586,2960,3216,3227,3099,2607,1592,4.33,0.39,0.0003,71,437,1834,0.001,0.6915,0.001,3.03987,0.01,3.88354
OOT224,264,252,544,457,1055,2489,2915,3131,3177,2921,1979,1074,6.01,0.51,0.6217,416,333.5,1245,0.001,5.2554,0.001,3.61446,0.01,1.9113
OOT225,4491,4513,4383,4210,4646,4880,4931,4945,5003,8188,4628,3824,5.37,0.5,0.46479,123,108,1243,0.001,2.3972,0.001,3.36087,0.01,1.0249
OOT226,1638,1623,1773,1702,2251,3318,3746,3840,3986,4982,3152,2140,7.18,0.42,0.564,231,26.4,100.1,0.001,3.0887,0.001,3.38655,0.01,0.3878
OOT227,464,634,932,1103,1497,2294,2609,2731,2785,2880,2718,1893,7.51,0.14,0.0003,246,321.9,3,0.001,1.9823,0.001,3.81027,0.01,1.75064
OOT228,537,544,851,1053,1530,2699,3092,3178,3266,3095,2819,1849,7.31,0.21,0.0003,234,227,0.2,0.001,1.9362,0.001,8.0892,0.01,1.98055
OOT229,256,255,558,557,1086,2350,2714,2851,2973,3037,2269,1316,5.26,0.19,0.2343,560,248,567.2,0.001,6.7306,0.001,1.03041,5.3,1.2742
OOT230,354,522,910,1082,1553,2480,2754,2842,2932,2968,2771,1864,6.31,0.14,0.0003,321,91.5,104.8,0.001,7.4682,0.001,2.2791,0.01,1.5512
OOT231,282,227,518,479,986,2177,2516,2631,2725,3055,1909,1093,5.94,0.09,0.0355,560,68.2,25.16,0.001,8.5285,0.001,1.51833,0.01,0.01108
OOT232,282,227,518,479,986,2177,2516,2631,2725,3055,1909,1093,5.07,0.17,1.0232,560,53,35.1,0.001,2.1206,0.001,2.19885,0.01,0
OOT233,211,584,875,1047,1432,2254,2556,2743,2767,2989,2763,2037,6.57,0.15,0.0092,5,55,23.6,15.1,0.7837,0.001,3.12975,0.01,2.36558
OOT234,620,814,1071,1289,1664,2373,2655,2724,2783,2794,2781,2210,6.61,0.13,0.0003,314,928,3,0.001,11.7094,0.001,3.24531,0.01,1.75064
OOT235,1018,554,740,776,1042,1500,1675,1564,1763,3820,1036,834,5.86,0.04,1.2356,560,253,141.5,0.001,2.4894,0.001,3.56631,6.4,0.13573
OOT237,282,227,518,479,986,2177,2516,2631,2725,3055,1909,1093,6.39,0.09,0.5674,560,22.8,136.7,0.001,2.9504,0.001,0.40767,0.01,0.61494
OOT238,256,255,558,557,1086,2350,2714,2851,2973,3037,2269,1316,6.3,0.066,0.0363,234,273,78.4,0.001,3.9646,0.001,1.04967,0.01,1.7174
OOT239,256,255,558,557,1086,2350,2714,2851,2973,3037,2269,1316,5.31,0.19,1.2342,560,151,533,0.001,4.2412,0.001,0.08025,6.1,0.33517
OOT240,313,506,828,979,1398,2286,2596,2747,2765,2871,2587,1778,7.47,0.27,0.0003,313,26.2,100.1,0.001,4.149,0.001,0.00321,0.01,0.08864
OOT242,186,303,631,573,1168,2666,3115,3211,3383,3180,2268,1290,7.58,0.17,0.7654,560,208,226.3,0.001,2.1206,0.001,0.16371,5.3,1.7174
OOT243,170,368,695,770,1293,2394,2764,2984,3057,2832,2606,1658,5.83,0.09,0.464,131,406,857.2,0.001,1.5674,0.001,0.20544,0.01,1.8559
OOT244,170,368,695,770,1293,2394,2764,2984,3057,2832,2606,1658,5.74,0.15,0.4649,466,130,324,0.001,2.8121,0.001,0.40125,0.01,0.6648
OOT245,170,368,695,770,1293,2394,2764,2984,3057,2832,2606,1658,5.21,0.06,0.4646,331,602,324,0.001,2.3511,0.001,0.74151,0.01,0
OOT246,170,368,695,770,1293,2394,2764,2984,3057,2832,2606,1658,4.42,0.16,0.4564,311,23.6,159,0.001,1.2447,0.001,0.46545,0.01,1.75064
OOT247,283,427,768,976,1410,2298,2618,2818,2858,3014,2712,1828,6.14,0.09,0.464,466,32.7,123,0.001,1.7518,0.001,0.08025,0.01,2.2991
OOT248,307,356,620,657,1156,2181,2492,2603,2765,2899,2387,1452,6.65,0.15,0.0003,375,47.5,741,0.001,2.5816,0.001,0.06099,0.01,1.80604
OOT249,4229,4368,4217,3948,4536,5122,5223,5623,5295,10799,4538,3783,4.61,0.24,0.0003,634,37.2,753,0.001,1.1064,0.001,0.08667,0.01,1.1634
OOT250,438,463,676,651,1103,2238,2652,2769,2882,2843,2182,1364,6.23,0.14,0.0003,364,152.3,348.7,0.001,2.3511,0.001,0.11235,0.01,0.8587
OOT251,293,399,620,630,1097,2222,2657,2803,2914,2936,2254,1392,6.23,0.16,0.6511,560,157,71.04,0.001,3.9646,0.001,1.17165,0.01,3.6287
OOT252,405,484,813,721,1348,2823,3250,3464,3508,3257,2442,1494,4.58,0.26,0.148,82,0.1,89.3,0.001,4.2873,0.001,1.36425,0.01,1.6343
OOT253,338,351,682,733,1254,2465,2847,3132,3153,2936,2563,1517,5.45,0.34,0.6757,476,75.2,71.3,0.001,4.8405,0.001,3.71076,0.01,3.1301
OOT254,434,499,855,992,1489,2761,3132,3284,3269,2916,2653,1685,6.49,0.41,0.056,464,137,56.7,0.001,2.0745,0.001,1.0272,0.01,1.0249
OOT255,442,633,1064,1416,1812,2525,2783,2928,2949,2871,2985,2083,5.82,0.25,0.0003,134,142,789,0.001,5.8086,0.001,8.12772,0.01,0.5263
OOT256,308,368,650,843,1248,2091,2422,2631,2705,2765,2549,1604,5.79,0.14,0.0003,314,125.2,258,0.001,3.12558,0.001,4.53252,0.01,3.05254
OOT257,298,544,849,967,1407,2409,2738,2945,3020,2810,2759,1852,5.94,0.13,0.131,560,97.8,159,0.001,3.1348,0.001,15.71616,0.01,3.78382
OOT258,225,235,432,337,845,2302,2743,2952,3022,2928,1589,794,6.12,0.2,0.3015,560,75.2,25.8,0.001,0.29965,0.001,4.53252,0.01,2.1606
OOT259,68,167,339,231,567,1526,1817,1933,1983,2505,1072,532,5.03,0.4,0.9489,512,45.7,126,0.001,7.6065,4.3,0.07383,0.01,0.65372
OOT260,514,610,896,1038,1590,2583,2902,3097,3251,3262,3219,2121,7,0.23,0.0003,231,32.7,13.8,0.001,8.4363,0.001,0.17976,0.01,2.61765
OOT261,443,701,1111,1351,1906,2947,3301,3424,3520,3376,3089,2090,6.85,0.19,0.0003,134,47.5,304.9,0.001,1.1064,0.001,0.28569,0.01,1.01105
OOT262,346,372,640,681,1119,2400,2840,2981,3065,2859,2172,1327,7.06,0.14,0.0003,343,62.5,461.9,0.001,2.9965,0.001,3.98361,0.01,0.8033
OOT263,314,474,744,865,1273,2121,2448,2646,2769,2386,2803,1817,4.6,0.17,0.646,321,69.1,152.36,0.001,2.1667,0.001,3.29025,0.01,1.6343
OOT264,314,474,744,865,1273,2121,2448,2646,2769,2386,2803,1817,5.88,0.1,0.6226,560,12.2,156.35,0.001,3.1809,0.001,3.32556,0.01,1.6343
OOT265,358,504,797,890,1380,2558,2954,3139,3231,2912,2780,1772,6.65,0.16,0.0003,34,626.3,685.4,0.001,2.3972,0.001,3.5952,0.01,4.0442
OOT266,431,498,757,916,1299,2078,2377,2524,2619,2742,2411,1721,5.75,0.16,0.0003,134,26.4,306.2,0.001,3.75254,0.001,8.03142,0.01,1.75064
OOT267,283,357,604,594,1104,2217,2599,2829,2961,3241,2533,1533,5.36,0.19,0.0003,343,117.4,884.9,0.001,2.9504,0.001,3.86163,0.01,2.77
OOT268,484,575,923,1192,1634,2443,2749,2936,3023,3042,3178,2200,7.12,0.44,0.0003,41,406.4,487.8,0.001,7.1916,0.001,8.03142,0.01,2.1883
OOT269,447,561,933,1243,1674,2730,3113,3199,3216,2968,2984,2104,5.15,0.2,0.0003,433,281.2,318.2,0.001,2.9043,0.001,3.96756,0.01,1.7451
OOT270,499,629,1027,1559,1892,2321,2526,2628,2662,2787,3375,2550,6.34,0.61,0.4964,343,840.8,311.1,0.001,2.51706,0.001,8.14056,0.01,0.47921
OOT271,484,575,923,1192,1634,2443,2749,2936,3023,3042,3178,2200,5.8,0.304,0.49,341,626.3,100.1,0.001,4.3795,0.001,28.87716,0.01,1.6343
OOT272,434,443,771,868,1400,2514,2878,3034,3129,3158,2685,1649,6.56,0.248,0.94668,313,174.4,248.69,0.001,8.1136,0.001,4.53252,0.01,1.44594
OOT273,452,552,965,1256,1722,2754,3079,3164,3212,3125,3119,2073,5.38,0.36,0.0003,163,0,82.36,0.001,2.5816,0.001,0.07383,0.01,2.11905
OOT274,352,461,831,1015,1522,2682,3021,3178,3188,2984,2842,1818,5.79,0.14,0.0003,311,0,159.63,0.001,7.1916,0.001,0.17976,0.01,2.31572
OOT275,422,510,843,1006,1475,2393,2678,2813,2915,2867,2798,1808,6.98,0.3,0.0003,321,49.3,671,0.001,10.8796,0.001,0.28569,0.01,0.8587
OOT276,451,565,916,1158,1549,2311,2555,2657,2725,2821,2874,1957,6.4,0.26,0.0003,343,0,601,0.001,1.3369,0.001,0.30816,0.01,0.6371
OOT277,329,438,714,916,1335,2155,2521,2686,2802,2857,2673,1750,6.38,0.204,0.003,421,12.1,32.5,0.001,1.60428,0.001,0.07383,0.01,2.30464
OOT278,370,473,818,1040,1408,2121,2362,2525,2550,2632,2457,1653,6.87,0.386,0.2653,443,0,15.4,0.001,2.42486,0.001,0.04494,0.01,1.11631
OOT279,449,449,775,876,1362,2479,2822,3058,3101,2924,2791,1748,4.6,0.17,1.2342,560,3.54,1236,0.001,3.10714,0.001,0.05457,0.01,1.5512
OOT280,271,359,610,584,1115,2286,2686,2916,3039,3320,2593,1560,5,0.19,0.0003,314,1.7,114.25,0.001,1.6596,0.001,1.3161,0.01,3.2409
OOT281,465,724,1110,1405,1919,2818,3148,3291,3380,3230,3209,2212,6.58,0.22,0.0003,313,2.11,32.56,0.001,0.7837,0.001,1.2198,0.01,0.9141
OOT282,593,651,1047,1463,1887,2536,2778,2810,2956,2932,3433,2368,6.93,0.21,0.0003,313,14.7,35.3,0.001,3.3192,0.001,4.7187,0.01,0.3324
OOT283,584,714,1208,1725,2118,2580,2776,2777,2910,3083,3439,2413,5.01,0.1,0.0003,314,5.7,141,0.001,8.5746,0.001,2.9532,0.01,1.8005
OOT284,436,621,995,1282,1704,2421,2725,2832,2908,2926,2888,2022,5.66,0.14,0.0003,464,0,163.4,0.001,6.915,0.001,4.7187,0.01,4.2658
OOT285,530,629,977,1395,1778,2386,2647,2771,2829,2906,3394,2433,6.4,0.13,0.0003,312,0,149.1,0.001,3.7802,0.001,2.1186,0.01,0.4709
OOT286,379,440,729,849,1319,2309,2653,2834,2924,3020,2817,1868,4.69,0.2,0.0003,341,24.3,89.65,0.001,1.5674,0.001,13.9635,0.01,2.1883
OOT287,306,492,822,929,1434,2594,3013,3159,3194,3409,2724,1705,6.1,0.18,0.0003,321,35.2,149.1,0.001,3.7802,0.001,2.1186,0.01,0.4986
OOT288,436,621,995,1282,1704,2421,2725,2832,2908,2926,2888,2022,5.61,0.07,0.0003,313,50.5,141,0.001,5.071,0.001,2.2791,0.01,1.5512
OOT289,391,529,892,1009,1551,2742,3114,3153,3319,3517,2879,1793,5.24,0.05,0.0003,313,24.9,44.7,0.001,3.688,0.001,0.8667,0.01,2.9639
OOT290,345,369,646,625,1199,2369,2739,2861,3091,3334,2612,1532,4.83,0.21,0.0003,461,57.2,275.7,58.2,2.37415,0.001,4.3977,0.01,2.3822
OOT291,449,413,693,711,1243,2398,2739,2834,3039,2971,2617,1576,5.05,0.15,0.0003,46,1.5,417.1,33.1,3.85396,0.001,3.96756,0.01,1.88637
OOT292,352,443,749,906,1401,2455,2808,2876,3054,2974,2560,1650,6.95,0.17,0.0003,416,2.9,100.1,32.1,3.00111,0.001,3.2742,0.01,0.00277
OOT293,132,245,558,683,1061,1952,2259,2282,2404,2510,1713,1092,6.07,0.45,0.0003,313,10.3,3070,38,4.3334,0.001,2.0544,0.01,1.4404
OOT294,1012,1026,1189,1184,1575,2321,2550,2636,2720,3982,1984,1359,6.58,0.16,0.0003,464,14.7,1500,45.9,1.1064,0.001,10.4325,0.01,0.51799
OOT295,596,839,1281,1719,2121,2657,2871,2892,3063,3169,3471,2560,5.52,0.24,0.0003,133,19.5,1911,53.3,1.6596,0.001,2.1828,0.01,1.32683
OOT296,369,500,763,826,1350,2477,2856,3029,3185,3244,2881,1837,5.42,0.44,0.0003,131,5.7,15.24,0.001,0.461,0.001,0.30816,0.01,2.11905
OOT297,2956,7459,6771,6271,6721,6362,6132,6077,5986,6104,5201,4368,4.69,0.39,0.2134,119,11.1,500.6,0.001,5.8086,0.001,4.3335,0.01,0.5817
OOT298,910,1020,1427,1905,2267,2676,2882,2891,3071,3282,3654,2708,4.7,0.29,0.3043,170,13.2,500.4,0.001,1.9362,0.001,8.2818,4.7,0.2493
OOT299,307,433,738,771,1236,2449,2795,2889,2994,2842,2389,1489,5.86,0.14,0.14654,452,78,352.7,0.1,2.5816,0.001,2.3754,0.01,2.63704
OOT300,216,230,514,459,1064,2447,2929,3258,3365,3301,2317,1209,5.56,0.13,0.3664,205,19.4,96.89,0.001,5.9008,0.001,2.32083,0.01,1.6897
OOT301,2498,1865,1913,1827,2148,2481,2557,2353,2590,6180,2012,1824,5.97,0.39,0.8552,463,217,45.63,0.001,8.5746,0.001,2.65146,0.01,0
OOT302,453,427,634,584,999,2151,2481,2580,2686,2900,1862,1182,4.58,0.38,0.5745,363,11.9,25.36,0.001,8.1136,0.001,3.09123,0.01,2.6592
OOT303,457,459,728,870,1239,2069,2349,2523,2587,2714,2330,1606,5.94,0.13,0.131,152,91.6,89.63,0.001,2.88125,0.001,6.17283,0.01,0.7202
OOT304,479,711,1107,1474,1876,2505,2766,2846,2923,2925,3088,2249,6.09,0.29,0.56447,343,23.4,78.96,0.001,6.73521,0.001,8.14056,0.01,2.10797
OOT305,457,603,942,1129,1590,2480,2811,2947,3070,3078,2876,1954,5.54,0.29,0.695,33,24.9,0,0.001,11.82004,0.001,25.34616,0.01,2.0498
OOT306,779,563,885,1063,1476,2273,2586,2585,2757,2801,2256,1494,5.14,0.19,0.56344,464,8.4,45.12,0.001,0.235571,0.001,3.9483,0.01,2.0498
OOT307,303,418,713,589,1288,3037,3657,3822,3942,3781,2483,1396,4.88,0.31,0.56963,314,11.2,23.63,0.001,0.697032,0.001,0.75756,0.01,2.6592
OOT308,2983,2905,2864,2736,3122,3533,3657,3695,3691,8813,2231,1964,5.71,0.225,0.0003,313,19.6,317.1,0.001,0.069611,0.001,0.75756,0.01,2.6315
OOT309,391,529,892,1009,1551,2742,3114,3153,3319,3517,2879,1793,5.02,0.432,0.0003,234,32.4,23,0.001,1.844,0.001,1.5087,0.01,3.1024
OOT310,3996,3839,3694,3499,3868,4044,4077,4149,4055,10815,2328,2188,6.51,0.35,0.56447,213,37.8,25.45,0.001,1.159415,0.001,7.4151,0.01,2.31018
OOT311,256,441,790,858,1443,2813,3292,3453,3510,3696,2640,1667,5.047,0.079,0.0003,131,44,78.96,0.001,2.92735,0.001,23.82783,0.01,2.86695
OOT312,314,621,1063,1530,1835,2189,2360,2458,2539,2594,3028,2284,4.82,0.36,0.5242,307,35,581.3,0.001,5.8086,0.001,4.03176,0.01,1.5789
OOT313,16474,13474,12197,11193,11761,10806,10300,10069,9854,17395,5949,5017,4.81,0.77,0.6543,452,108,500.6,0.001,2.0745,0.001,3.852,0.01,0.831
OOT314,2239,2290,2256,2198,2582,2986,3172,3140,3257,5532,2807,2179,6.56,0.128,0.6496,314,110,45.96,0.001,3.9646,0.001,7.383,0.01,2.4099
OOT315,5455,5278,5054,4843,5336,5483,5566,5448,5530,11175,5017,4540,6.57,0.318,0.464,134,114,15,0.001,4.3795,0.001,4.50042,0.01,0.8864
OOT316,372,357,602,576,1079,2306,2694,2887,2989,2892,2382,1427,5.14,0.422,0.49,341,28.3,41,0.001,1.08796,0.001,4.82463,0.01,1.8005
OOT317,346,372,640,681,1119,2400,2840,2981,3065,2859,2172,1327,4.84,0.22,0.0003,314,47.5,100.1,0.001,2.07911,0.001,5.21625,0.01,0.9972
OOT318,15667,14619,13132,12014,12675,11606,11001,10829,10519,17408,6852,5750,6,0.134,0.0003,343,72.8,622.8,0.001,2.87664,0.001,3.28383,0.01,3.878
OOT320,19378,16840,15124,13743,14485,13199,12452,12387,11809,17407,6619,5430,6.47,6.05,0.0003,413,0,327.5,0.001,1.47981,0.001,0.28569,0.01,1.9944
OOT321,14780,12007,10778,9849,10472,9675,9208,8992,8816,17393,6243,5328,4.58,0.186,0.0003,346,0,310,0.001,0.9681,0.001,0.60669,0.01,2.5761
OOT322,7917,6641,6184,5730,6243,6229,6174,5758,6099,12545,4235,3767,6.43,5.79,0.0003,313,34.4,360,0.001,0.922,0.001,0.00321,0.01,4.2381
OOT323,9860,12354,11338,10598,11137,10495,10176,9983,9875,14254,7809,6557,5.52,0.922,1.2946,560,1.2,500.6,0.001,8.7129,0.001,2.7927,0.01,0.4986
OOT324,246,282,466,358,795,2188,2682,2799,2941,2963,1616,832,7.02,0.26,0.0521,560,0,314.2,0.001,2.9043,0.001,2.7927,0.01,0.4986
OOT325,280,378,629,624,1096,2076,2408,2524,2667,2647,2004,1184,6.78,0.2,0.8939,560,9.1,800.1,0.001,7.9753,0.001,2.889,0.01,1.0526
OOT326,223,311,531,504,927,2047,2345,2442,2547,2421,1942,1201,6.31,0.2,0.3351,187,5.7,790.6,0.001,4.8866,0.001,18.5217,0.01,0.5817
OOT327,137,184,403,352,804,2039,2412,2548,2668,2964,1804,1004,4.68,0.4,0.197,110,5.4,341.7,0.001,2.9043,0.001,18.1686,0.01,1.5235
OOT328,165,206,474,397,930,2262,2661,2844,2982,3099,2042,1096,4.67,0.24,0.1046,58,5.4,488.7,0.001,5.7625,0.001,0.00321,17.8,0.5817
OOT329,359,412,623,716,1087,2089,2518,2687,2808,2889,2520,1649,6.44,0.46,0.0003,46,52.7,41,0.001,1.4752,0.001,0,0.01,2.4653
OOT330,302,388,696,854,1253,2121,2450,2624,2724,2746,2604,1725,4.06,0.14,0.2348,560,15.9,12,0.001,11.525,0.001,0.08346,0.01,3.1301
OOT331,212,232,472,414,916,2256,2719,2926,3041,2665,1982,1141,5.72,0.03,0.2329,130,16.8,12.36,0.001,0.099576,0.001,0.7383,0.01,3.324
OOT332,104,209,490,439,915,2285,2716,2949,2941,2928,1837,1009,5.57,0.43,0.3089,560,16.8,45.63,0.001,0.0099115,0.001,0.11556,0.01,4.3212
OOT333,7880,5625,5339,5181,5674,5627,5595,5298,5619,12978,5114,4426,4.69,0.39,0.2134,119,112.7,500.6,0.001,5.8086,0.001,0.08025,0.01,0.5817
OOT334,110,145,347,230,729,2250,2772,2872,3066,2783,1482,700,5.16,0.66,0.938,560,136.2,78.96,0.001,0.6915,0.001,3.5631,116.6,0.9141
OOT335,421,431,770,993,1378,2249,2550,2719,2737,2908,2542,1734,5.7,0.522,0.056,343,15,104.3,0.001,2.87664,0.001,4.01892,0.01,2.6592
OOT336,421,431,770,993,1378,2249,2550,2719,2737,2908,2542,1734,5.4,0.67,0.4185,234,135.2,14.78,0.001,4.8405,0.001,24.03969,0.01,0.65095
OOT337,1011,318,519,548,925,1953,2323,2436,2588,3250,2015,1212,6.05,0.184,0.0003,313,165.2,45.25,0.001,5.83626,0.001,3.28383,0.01,3.047
OOT338,402,592,837,981,1332,1975,2265,2368,2502,2711,2785,1984,6.65,0.27,0.7522,560,235.7,12.63,0.001,8.1136,0.001,4.56783,0.01,0.20498
OOT339,434,354,548,471,962,2336,2829,2942,3114,3041,2079,1156,5.25,0.2,0.9397,560,135.2,89.63,0.001,2.5816,0.001,5.01723,0.01,1.26312
OOT340,195,497,825,1108,1399,1820,2015,2163,2179,1974,2829,1964,5.84,0.164,1.5796,560,147,12.36,0.001,2.2128,0.001,4.56783,0.01,1.75064
OOT341,5204,3721,3561,3373,3799,4188,4345,4316,4362,11188,3997,3496,5.07,0.24,0.7546,560,17.2,45.69,0.001,3.0426,0.001,4.67376,0.01,2.67305
OOT342,2538,2335,2316,2129,2606,3541,3913,3881,4038,6233,3227,2247,6.18,0.25,0.897,560,26,78.96,6.6,4.4256,0.001,5.12316,17.8,3.11625
OOT343,7132,6266,5950,5727,6266,6135,6075,6034,5980,15396,5449,5091,4.55,0.04,0.9649,560,35,45.63,0.001,3.7341,0.001,3.96756,0.01,0.03047
OOT344,2233,2033,2122,2230,2590,2943,3067,3033,3153,5186,2995,2250,6.19,0.205,0.1332,313,42,12,0.001,3.528494,0.001,8.22723,0.01,3.4071
OOT345,3727,2605,2590,2650,2969,3121,3215,3167,3280,7149,3290,2439,5.9,0.07,0.9453,313,35,0.36,0.001,1.1986,0.001,28.77123,0.01,1.4681
OOT346,3087,2878,2848,2713,3073,3604,3742,3607,3827,6293,2739,2310,4.2,0.246,0.0003,134,25,0,0.001,2.47096,0.001,25.12146,0.01,0.8864
OOT347,5229,5714,5423,5190,5763,5690,5719,5458,5692,14304,4156,3559,4.45,0.169,0.0003,343,89,23.4,0.001,1.99152,0.001,3.96756,0.01,1.12185
OOT348,7997,8444,8265,8291,8814,8346,8208,8034,8274,13822,6964,5771,6.4,0.12,0.0002,341,79,12.7,0.001,0.7376,0.001,4.88883,0.01,2.0498
OOT349,799,745,841,651,1143,2348,2723,2761,2984,2695,1882,1026,5.55,0.21,0.0003,343,27,13.7,0.001,4.8405,0.001,4.67376,0.01,1.00274
OOT350,3213,4721,4550,4467,4799,4655,4611,4529,4653,5933,4246,3528,6.32,0.23,0.0003,313,56,18.4,0.001,14.9825,0.001,7.58523,0.01,1.9944
OOT351,13024,12673,11956,11368,12262,11511,11119,10934,10689,15785,5948,4702,6.65,0.14,0.0003,464,11,12.4,0.001,0.0991611,0.001,0.75756,0.01,0.01662
OOT352,954,1912,1890,1777,2115,2598,2754,2789,2857,3064,2361,1729,6.58,0.09,0.5598,344,132,78.96,0.001,0.237415,0.001,8.14056,0.01,1.1357
OOT353,815,866,982,1037,1395,2119,2404,2433,2639,2523,2750,1816,6.54,0.15,0.9571,343,569,17.3,0.001,4.3795,0.001,3.96756,0.01,1.44871
OOT354,815,866,982,1037,1395,2119,2404,2433,2639,2523,2750,1816,5.53,0.2,2.213,134,258,23.65,0.001,2.8582,0.001,4.56783,0.01,2.2991
OOT355,12614,13029,12368,11901,12536,11691,11222,11312,11022,14981,6286,5041,4.51,0.54,0.0003,134,123,158.2,0.001,2.0745,0.001,25.34616,87.4,2.1052
OOT356,9789,6932,6721,6545,7103,6858,6749,6253,6737,15227,4527,3809,4.85,0.36,0.0003,143,654,25.38,0.001,1.6135,0.001,25.21776,0.01,1.66477
OOT357,382,425,732,489,1254,3212,3829,3951,4115,3772,2426,1273,4.06,0.2,1.16,464,789,365.2,0.001,1.77485,0.001,4.56783,0.01,2.3822
OOT358,324,419,712,566,1244,2899,3488,3554,3738,3594,2380,1338,4.3,0.09,0.6956,434,159,25.89,0.001,2.59082,0.001,3.93225,0.01,0.6371
OOT359,648,922,1308,1684,2055,2568,2819,2817,2894,3136,3366,2608,4.81,0.32,0.5814,134,25,23.69,0.001,2.5816,0.001,8.45835,0.01,2.2991
OOT360,8327,7759,7467,7226,7704,7433,7330,7316,7318,13854,6683,5903,5.8,0.234,0.8879,343,74,100.1,0.001,6.915,0.001,4.03176,0.01,2.6038
OOT361,4326,1557,1687,1640,2108,2937,3260,3375,3502,8344,3233,2163,6.89,0.17,0.2798,34,78,15.89,0.001,1.4291,0.001,15.16083,11.9,0.4709
OOT362,571,663,1049,1168,1788,3186,3612,3647,3739,3406,3133,2060,6.81,0.11,0.5611,275,96,25.89,0.001,4.1029,0.001,3.86163,18.5,0.7202
OOT363,401,488,722,570,1195,2722,3231,3324,3529,3543,2352,1324,6.41,0.15,0.0209,304,12,96.32,0.001,3.7802,0.001,4.50042,7.3,1.6897
OOT364,655,791,1093,1235,1690,2549,2888,2931,3066,3079,2957,1985,6.11,0.13,0.5324,234,36,14.78,0.001,4.2873,0.001,4.56783,7.3,3.1301
OOT365,324,419,712,566,1244,2899,3488,3554,3738,3594,2380,1338,5.8,0.26,0.6231,343,98,85.23,0.001,7.0533,0.001,3.86163,7.3,0.9972
OOT366,467,526,771,798,1242,2428,2832,2937,3060,3192,2374,1507,5.7,0.27,0.8964,341,45,96.32,0.001,2.2589,0.001,4.60956,7.3,3.42372
OOT367,522,701,1046,1390,1733,2239,2496,2492,2588,2816,2938,2147,6.33,0.003,0.8964,464,78,85,0.001,2.8582,0.001,23.82783,7.3,4.155
OOT368,1601,1220,1411,1465,1871,2565,2829,2865,2950,3977,2635,1864,6.05,0.125,0.056,164,96,89.36,0.001,0.69611,0.001,3.9483,8.5,3.1301
OOT369,537,721,888,867,1302,2223,2566,2713,2837,3474,2585,1741,5.57,0.15,0.0994,341,25,12.45,0.001,1.83478,0.001,4.67376,18.5,3.4902
OOT370,655,791,1093,1235,1690,2549,2888,2931,3066,3079,2957,1985,4.86,0.07,0.2973,343,310,108.6,0.001,2.766,0.001,28.77123,0.01,1.2465
OOT371,1980,1109,1275,1228,1619,2607,2879,2845,3010,4853,2233,1668,6.35,0.183,0.2868,463,125,36.32,0.001,22.0358,0.001,3.96756,0.01,4.3212
OOT372,964,528,717,715,1111,2049,2333,2248,2547,3176,2044,1419,6.28,0.074,0.3438,464,125,15.24,0.001,28.9969,0.001,14.51883,0.01,3.9611
OOT373,1309,978,1361,1359,2040,3860,4333,4199,4562,4185,3260,2061,7.66,0.16,0.1183,434,369,78.96,0.001,2.40181,0.001,3.96756,0.01,0.6925
OOT374,958,1724,2099,2074,2737,4187,4522,4417,4653,3853,3464,2744,6.27,0.124,0.0003,316,159,12.25,0.001,3.5036,0.001,4.02534,0.01,0.0831
OOT375,4406,5492,5328,5166,5654,5864,5843,5679,5898,8078,4906,4377,7.28,0.149,0.1278,143,258,12.14,0.001,0.115711,0.001,4.38165,0.01,1.2465
OOT376,964,528,717,715,1111,2049,2333,2248,2547,3176,2044,1419,6.37,0.061,0.0003,343,159,100.1,0.001,1.03725,0.001,6.30123,0.01,0.51522
OOT377,10375,10447,10105,9775,10225,10085,9963,9465,9908,11588,6064,4453,4.24,0.137,0.001,34,987,36.32,0.001,4.30113,0.001,4.57746,0.01,2.0221
OOT378,1594,1529,1688,1514,2083,3329,3633,3567,3761,5968,2304,1619,5.72,0.065,0.0432,636,753,12.25,0.001,3.785732,0.001,3.96756,0.01,3.7672
OOT379,8105,8409,8058,7754,8219,8162,8094,7666,8039,11243,5134,3984,5.88,0.091,0.0003,343,369,36.32,0.001,2.41564,0.001,0.20223,0.01,4.2381
OOT380,5385,4268,4185,4040,4417,4741,4820,4540,4867,8363,3477,2887,6.87,0.77,0.0995,431,25,78.96,0.001,2.88125,0.001,0.28569,0.01,4.155
OOT381,5385,4268,4185,4040,4417,4741,4820,4540,4867,8363,3477,2887,5.08,0.111,0.0003,344,45,45.96,0.001,0.5532,0.001,0.17976,0.01,0.00277
OOT382,6633,7077,6786,6489,6906,7051,7050,6739,7015,9960,4873,4014,6.7,0.112,0.0477,344,56,12.36,0.001,0.8759,0.001,0.04815,0.01,3.324
OOT383,3087,2878,2848,2713,3073,3604,3742,3607,3827,6293,2739,2310,6.22,0.095,0.2478,345,3,654.3,0.001,3.00572,0.001,0.08346,0.01,0.09972
OOT384,5229,5714,5423,5190,5763,5690,5719,5458,5692,14304,4156,3559,4.45,0.169,0.056,311,21,243.2,0.001,2.64614,0.001,4.53252,0.01,0.03878
OOT385,5587,5613,5333,5072,5559,5597,5665,5457,5658,12699,4371,3964,7.73,0.412,0.5627,343,15,121.3,0.001,3.83552,0.001,8.14056,0.01,0.09972
OOT386,5703,5198,4951,4710,5200,5305,5396,5175,5414,13367,4136,3786,7.62,0.411,0.1367,343,98,26.3,0.001,0.025816,0.001,4.56783,0.01,3.97772
OOT387,5234,5641,5340,5076,5582,5632,5749,5591,5773,11682,4471,4019,6.86,0.338,0.233,434,78,124.2,0.001,1.49825,0.001,4.93056,0.01,2.8531
OOT388,5718,5449,5159,4907,5402,5416,5496,5290,5505,14937,4199,4021,6.88,0.467,0.2295,343,74,25.3,0.001,0.62235,0.001,3.96756,0.01,3.1855
OOT389,5415,5249,5002,4750,5215,5300,5388,5170,5382,12242,4076,3651,7.82,0.411,0.052,134,150,26.3,0.001,2.88125,0.001,4.56783,0.01,0.3601
OOT390,5259,4969,4746,4515,4987,5119,5205,5002,5201,12434,4026,3726,5.83,0.352,0.1572,343,5,32.1,0.001,0.70994,0.001,25.34616,0.01,3.324
OOT391,5634,5296,5033,4811,5291,5251,5280,5052,5273,13422,4217,3995,6.65,0.225,0.3732,165,25,65.4,0.001,0.78831,0.001,8.22723,0.01,4.0442
OOT392,5233,5307,5009,4698,5250,5298,5298,5243,5289,15114,3949,3535,7.6,0.218,0.056,343,15,23.65,0.001,0.840864,0.001,4.05423,0.01,3.1024
OOT393,5688,5411,5148,4905,5345,5375,5456,5225,5423,12594,4124,3665,5.1,0.308,0.172,464,78,12.65,0.001,2.60004,0.001,3.95793,0.01,3.878
OOT394,8549,8274,7886,7596,8117,7681,7564,7213,7421,13188,5561,4442,6.18,0.191,0.1764,311,89,12.45,0.001,4.3795,0.001,8.13093,0.01,0.00277
OOT395,5303,4969,4715,4474,5003,5103,5131,5005,5122,14821,4021,3820,4.59,0.18,0.0003,135,96,63.25,0.001,3.98765,0.001,4.56783,0.01,0.9972
OOT396,4665,4499,4306,4088,4615,4803,4882,4735,4905,13502,3782,3438,5.26,0.001,0.001,313,93,78.96,0.001,0.47022,0.001,14.6376,0.01,3.4625
OOT397,5397,5421,5112,4853,5394,5348,5358,5202,5333,15310,3874,3471,6.62,0.384,0.7691,212,85,45.36,0.001,0.6915,0.001,0.08346,0.01,3.9611
OOT398,4480,3548,3431,3269,3749,4070,4217,4055,4260,13709,3085,2796,7.39,0.33,0.7691,434,78,12.69,0.001,9.97143,0.001,0.11556,0.01,1.5512
OOT399,5397,5421,5112,4853,5394,5348,5358,5202,5333,15310,3874,3471,6.21,0.352,0.0894,316,32,12.63,0.001,0.94505,0.001,0.08025,0.01,0.8864
OOT400,4805,4566,4394,4194,4663,4854,4975,4781,4996,12857,3909,3719,7.18,0.231,0.1388,134,15,78.96,0.001,1.7518,0.001,0.04494,0.01,1.2465
OOT401,5085,4996,4749,4506,4968,5096,5173,4974,5173,12013,3920,3550,6.03,0.26,0.0003,341,335,12.39,0.001,2.5816,0.001,3.9483,0.01,0
OOT402,4774,4671,4392,4125,4612,4638,4669,4604,4670,14553,3304,2870,5.65,0.473,0.0003,647,47,15.23,0.001,3.4114,0.001,8.2497,0.01,3.878
OOT403,5397,5016,4763,4522,5062,5137,5181,5005,5168,15614,3827,3591,7.64,0.162,0.0003,313,75,78.96,0.001,0.8759,0.001,8.14056,0.01,0.7479
OOT404,5060,4783,4529,4279,4791,4820,4858,4728,4863,15272,3434,2992,7.65,1.08,0.0975,134,97,45.69,0.001,0.79753,0.001,0,0.01,1.4404
OOT406,4573,4089,3908,3733,4218,4366,4458,4301,4473,13974,3294,3003,6.65,0.444,0.4535,134,62.5,78.96,0.001,1.6135,0.001,0.00321,0.01,4.0442
OOT407,6261,6146,5776,5486,6044,5930,5936,5813,5893,15520,4360,3834,7.17,0.242,0.0003,5,152.3,25.98,0.001,1.1064,0.001,0.00321,0.01,4.2381
OOT408,5263,4827,4764,4697,5297,5346,5368,5016,5363,11344,4830,4351,6.11,0.583,0.7684,313,142,15.24,0.001,2.8121,0.001,3.9483,0.01,0.9695
OOT409,5233,5307,5009,4698,5250,5298,5298,5243,5289,15114,3949,3535,6.15,0.095,0.0003,344,151,125.3,0.001,3.16707,0.001,5.0076,0.01,3.0747
OOT411,6152,5628,5340,5109,5655,5643,5688,5479,5682,15674,4320,3977,6.31,0.079,0.7248,343,159,246.3,0.001,2.51706,0.001,4.6866,0.01,3.2409
OOT412,6120,5637,5362,5124,5691,5678,5692,5460,5650,15599,4338,3990,5.14,0.072,0.0029,343,741,248.96,0.001,4.05219,0.001,5.74269,0.01,4.0442
OOT413,5908,5397,5092,4836,5363,5285,5290,5103,5260,15615,3693,3259,5.65,0.213,0.0003,334,154,325.6,0.001,3.52665,0.001,4.57746,0.01,1.4404
OOT414,6838,7544,7271,7098,7642,7395,7341,7015,7254,11004,6112,5195,5.64,0.035,0.0261,342,258,12.56,0.001,1.95003,0.001,4.67376,0.01,3.9057
OOT415,7857,7973,7666,7469,8215,7847,7629,7153,7504,14841,5603,4587,5.28,0.098,0.099,343,1425,74.2,0.001,0.87129,0.001,3.96756,0.01,2.0775
OOT416,6838,7544,7271,7098,7642,7395,7341,7015,7254,11004,6112,5195,5.09,0.098,3.2,343,428,32.5,0.001,1.74258,0.001,25.34616,0.01,0.5817
OOT417,500,594,945,993,1612,3112,3629,3610,3799,3544,3037,1924,5.98,0.22,0.0003,234,137,26.3,0.001,29.3657,0.001,3.96756,0.01,3.9611
OOT418,7779,5811,5620,5419,5907,6059,6205,6085,6260,11712,5021,4260,5.22,0.1,2.311,134,147,25.8,0.001,1.63194,0.001,3.32556,0.01,0.9972
OOT419,3959,2375,2386,2272,2709,3339,3608,3544,3712,7518,2875,2232,7.78,0.15,3.22,343,33.6,25.9,0.001,1.47981,0.001,5.12316,0.01,1.19664
OOT420,7779,5811,5620,5419,5907,6059,6205,6085,6260,11712,5021,4260,7.02,0.17,1.344,123,26.4,45.63,0.001,4.05219,0.001,3.97719,0.01,3.1855
OOT421,3263,3167,3077,2972,3337,3661,3852,3698,3909,7247,2766,2312,5.23,0.245,2.1553,323,26.2,15.26,0.001,2.51706,0.001,4.80216,0.01,3.9611
OOT422,3769,2922,2872,2805,3138,3391,3518,3422,3538,8019,2896,2488,5.54,0.234,0.87,344,176.1,12.38,0.001,0.98193,0.001,25.24023,0.01,3.2132
OOT423,6947,6529,6162,5856,6329,6175,6139,5998,6053,14712,3729,3279,5.38,0.14,0.5251,343,282.1,48.9,0.001,0.71916,0.001,5.12316,0.01,1.9113
OOT424,6735,8189,7657,7242,7584,7260,7056,7009,6956,8234,5012,4079,5.13,0.15,1.95,346,406.1,45.96,0.001,2.25429,0.001,8.33958,0.01,4.2381
OOT425,6735,8189,7657,7242,7584,7260,7056,7009,6956,8234,5012,4079,4.87,0.18,0.767,230,26.4,15.36,0.001,3.33303,0.001,4.93056,0.01,3.4071
OOT426,10737,10338,10008,9760,10150,9797,9669,9116,9632,12871,5884,4627,6.62,0.28,0.0161,125,174.4,25.36,0.001,1.95003,0.001,25.34616,0.01,0.5817
OOT427,2188,2053,2103,2045,2491,3197,3468,3397,3524,6789,2626,1957,7.44,0.56,0.001,135,369,12.96,0.001,2.36493,0.001,14.51883,0.01,0.9141
OOT428,1186,1158,1507,1523,2131,3528,3894,3768,4043,3690,3223,2080,5.99,0.17,0.0004,142,626.3,25.96,0.001,2.66919,0.001,4.88883,0.01,1.16617
OOT429,3769,2922,2872,2805,3138,3391,3518,3422,3538,8019,2896,2488,6.63,0.11,0.0128,265,0,26.36,0.001,1.28619,0.001,0.20223,0.01,1.2465
OOT430,7097,7387,7018,6727,7011,6925,6913,6881,6829,9103,4772,3798,5.18,0.15,3.1525,324,0,15.32,0.001,1.13406,0.001,0.3852,0.01,2.3268
OOT432,1130,1126,1444,1566,2091,3255,3625,3518,3790,3817,3201,2129,5.22,0.12,0.0003,412,32.4,78.63,0.001,3.90006,0.001,1.36746,0.01,0.52907
OOT433,7373,7033,7161,7236,7352,7378,7509,7185,7558,7817,3233,2471,7.16,0.12,0.9902,427,52.6,15.25,0.001,3.74793,0.001,1.56969,0.01,2.94451
OOT434,645,912,1342,1380,2040,3855,4351,4237,4576,3944,3141,2020,5.33,0.18,0.7495,502,29.6,78.3,0.001,4.05219,0.001,2.53269,0.01,1.66754
OOT435,387,514,885,876,1471,3290,3907,3909,4064,3837,2765,1741,6.09,0.18,0.0003,560,82.2,78.52,0.001,4.20432,0.001,4.88241,0.01,1.21603
OOT436,3259,3295,3174,2900,3405,4259,4497,4505,4697,8873,3721,3135,7.02,0.47,0.056,82,159.2,45.2,0.001,3.12558,0.001,3.96756,0.01,3.79213
OOT437,9435,10108,9778,9552,10275,9736,9586,9121,9461,14938,7394,6143,6.03,0.25,0.3622,92,753.2,12.5,0.001,1.59045,0.001,14.6376,0.01,0.62325
OOT438,3055,2444,2457,2367,2832,3342,3507,3506,3591,9207,3221,2883,5.31,0.07,0.056,102,600.9,72.2,0.001,4.50858,0.001,3.9483,0.01,3.75335
OOT439,5813,5757,5447,5148,5698,5680,5673,5547,5630,15629,4167,3684,6.2,0.22,0.7455,150,232,99.25,0.001,4.35645,0.001,0.3531,0.01,3.4625
OOT440,5805,6522,6166,5857,6391,6344,6216,6226,6233,14158,4989,4214,6.46,0.15,0.512,170,713,55.94,0.001,2.97806,0.001,0.07383,0.01,3.1301
OOT441,7164,7446,6887,6445,6990,6787,6604,6890,6600,16195,5739,5804,6.74,0.158,0.9902,188,159,47.06,0.001,1.44293,0.001,0.14445,0.01,0.6371
OOT442,4441,3636,3541,3404,3865,4331,4437,4280,4559,8920,3669,2959,6.32,0.6,0.0003,560,258,22.2,0.001,5.32916,0.001,0.07383,0.01,0.6371
OOT443,298,374,644,525,1140,2669,3196,3219,3452,3302,2279,1312,7.08,0.19,0.4484,560,123,256.3,0.001,9.9115,0.001,0.08025,0.01,0.4709
OOT444,6362,3999,3963,3801,4270,4860,4983,4854,5175,9824,4681,3783,4.72,0.081,0.7703,560,126,91.53,0.001,1.0603,0.001,0.17976,0.01,3.0747
OOT445,6129,4533,4376,4205,4666,4946,4989,4804,5115,11242,4037,3381,3.85,0.08,0.5258,560,258,66.74,0.001,2.3511,0.001,0.08025,0.01,1.7451
OOT446,488,670,1063,1258,1732,2761,3092,3097,3157,3019,2835,1962,6.32,0.15,0.1418,560,369,7.2,0.001,2.9504,0.001,0.11556,0.01,1.3296
OOT447,3779,4136,3886,3603,3973,4392,4489,4444,4598,7444,3472,2841,4.07,0.13,0.77,560,125,99.6,0.001,3.98304,0.001,0.08025,0.01,1.7451
OOT448,6380,4736,4603,4352,4843,5472,5637,5407,5803,10016,4247,3448,6.02,0.32,0.7625,560,500,117,0.001,4.24581,0.001,0.081534,0.01,0
OOT449,339,437,790,599,1416,3281,3931,3973,4215,3990,2375,1323,5.17,0.31,0.3644,560,258,142,0.001,3.52204,0.001,0.49434,0.01,3.0747
OOT450,3975,1602,1641,1523,1856,2685,2929,2814,3098,6895,2292,1780,6.94,0.31,0.4968,195,369,474,0.001,3.83091,0.001,0.17976,0.01,0.8864
OOT451,759,650,1051,1024,1645,3229,3713,3583,3755,3164,2639,1641,4.29,0.08,0.0003,314,516,397,0.001,3.92772,0.001,0.28569,0.01,2.493
OOT452,3562,880,966,886,1238,2045,2379,2206,2498,7688,1834,1400,5.15,0.11,0.95,314,17.1,430,0.001,1.08335,0.001,0.18618,0.01,2.4653
OOT453,958,1724,2099,2074,2737,4187,4522,4417,4653,3853,3464,2744,5.44,0.08,0.0003,344,108.1,238,0.001,0.65923,0.001,0.28569,0.01,0.0831
OOT454,1174,967,1246,1143,1687,3106,3556,3485,3625,4483,2559,1708,6.44,0.14,0.056,343,26.5,129.5,0.001,1.66882,0.001,0.17334,0.01,3.94171
OOT455,5832,5748,5570,5335,5771,6056,6092,5819,6095,9306,4429,3604,4.78,0.13,0.0003,343,321.9,465.7,0.001,2.51706,0.001,0.27285,0.01,1.7451
OOT456,2035,1523,1562,1494,1819,2411,2598,2450,2722,5861,1757,1462,6.29,0.24,0.0003,316,209.2,327,0.001,4.44865,0.001,0.00321,0.01,2.51793
OOT457,5825,5362,5099,4850,5396,5436,5458,5300,5431,15621,4250,4061,4.59,0.4,0.0003,343,258,105,0.001,3.93694,0.001,0.00321,0.01,0.831
OOT458,6283,5572,5199,4911,5237,5306,5345,5139,5415,8882,4200,3405,6.2,0.09,0.0003,466,124,325,0.001,1.08335,0.001,0.00321,0.01,1.4404
OOT459,5825,5362,5099,4850,5396,5436,5458,5300,5431,15621,4250,4061,5.48,0.09,0.4074,464,123,235,0.001,2.97345,0.001,0.11556,0.01,0.6371
OOT460,7139,6890,6482,6168,6781,6516,6439,6263,6357,15651,4488,4021,5.96,0.09,0.198,644,369,147,0.001,0.47022,0.001,0.10272,0.01,0.9972
OOT461,3441,3159,3066,2864,3288,3857,4008,3942,4083,8694,2871,2511,5.88,0.389,0.2525,324,756,167,0.001,2.32344,0.001,0.04494,0.01,4.155
OOT463,4015,2137,2230,2031,2629,4174,4561,4560,4763,6683,3750,2777,4.86,0.15,0.8859,311,24,117,0.001,3.23622,0.001,0.07383,0.01,0
OOT464,5241,3527,3630,3598,4205,4748,4904,4510,5056,15102,4018,3725,6.16,0.31,0.1993,134,78,23.25,0.001,2.78905,0.001,0.40446,0.01,1.5235
OOT465,8200,8210,7832,7508,7854,7811,7724,7378,7792,8584,5966,4406,6.41,0.14,0.6144,344,96,135,0.001,2.88125,0.001,0.75756,0.01,0.01385
OOT466,4119,3449,3826,4037,4326,4762,4989,4760,5166,5423,3471,2364,5.35,0.13,0.1892,313,3,323,0.001,2.12982,0.001,1.46376,0.01,3.5733
OOT467,7955,7793,7891,7923,7751,7867,8011,8014,8056,5524,2312,2669,7.09,0.15,0.056,343,0.8,627,0.001,2.46635,0.001,0.40446,0.01,0.9695
OOT468,4728,4796,5183,5377,5634,6012,6204,5877,6360,4945,4300,2996,5.18,0.4,0.8439,343,9.15,118,0.001,4.41638,0.001,1.46376,0.01,3.878
OOT469,3781,4094,4362,4478,4822,5150,5411,5160,5469,5820,2206,1556,7.41,0.16,0.8552,343,513,623,0.001,3.52665,0.001,0.40446,0.01,4.155
OOT470,8047,7905,8030,8068,8717,8410,8210,8591,8074,15148,4845,3259,7.07,0.19,0.0251,354,51.6,347,0.001,24.5252,0.001,1.46376,0.01,1.1634
OOT471,4726,5101,5250,5281,5578,5824,6046,5829,6063,6085,2521,1768,7.83,0.2,0.4059,464,65,127,0.001,0.57625,0.001,2.32083,0.01,4.2381
OOT472,1276,1364,1608,1508,2143,3735,4358,4244,4538,4647,2986,1989,5.15,0.38,0.4059,464,56.2,32.8,0.001,2.766,0.001,2.71245,0.01,0.34625
OOT473,6886,7425,7066,6731,7137,7188,7163,6980,7134,8844,4864,3495,7.03,0.2,0.5598,352,65.3,500.6,12.13,1.5213,1.23,1.7976,0.001,0.65372
OOT474,4392,2709,2709,2577,3002,3712,3934,3822,4043,7048,2795,2316,6.21,0.4,0.9571,544,14.3,314.2,14.24,6.7306,0.001,0.642,0.001,2.67859
OOT475,10542,10614,10051,9623,10050,9629,9415,9101,9259,12762,5832,3849,5.38,0.26,2.213,560,10.3,800.1,7.14,5.4398,0.001,0.82176,0.001,3.1024
OOT477,4321,3762,3753,3672,4083,4393,4503,4406,4591,8946,3158,2355,4.28,0.2,0.258,96,12.3,341.7,10.01,2.9043,0.126,3.6915,0.18,1.2465
OOT478,7073,7114,7090,7038,7625,7466,7368,7174,7336,13738,3319,2743,4.24,0.5,0.0003,0,15.3,488.7,7.16,0.1844,1.061,0.53928,1.74,1.7728
OOT479,852,678,1109,965,1748,3672,4120,4101,4311,3833,2627,1549,4.29,0.468,0.0003,0,16.9,41,99.3,8.298,0.01,0.00321,2.12,0.36841
OOT481,5946,5639,5663,5652,5427,5752,6238,6014,6356,2112,3667,2772,5.25,0.423,1.16,560,14.3,12.36,25.4,8.9434,0.001,5.0076,0.25,1.8559
OOT482,9464,9363,8864,8476,9134,8527,8341,8100,8173,15716,4625,3137,5.28,0.391,0.6956,499,17.63,45.63,31,5.4398,0.001,3.60483,3.05,4.2658
OOT483,6490,6446,5995,5652,6076,5817,5781,5612,5703,11542,4110,3084,5.24,0.095,0.4593,230,65.3,500.6,51.08,1.4291,0.001,14.56056,0.12,1.20218
OOT484,9158,9381,8861,8466,9088,8479,8300,7968,8177,15148,5022,3503,6.01,0.101,0.5814,560,11.68,78.96,24,7.376,0.01,0.15408,0.01,3.4071
OOT485,10172,9645,9070,8633,9281,8589,8372,8080,8212,15731,4628,3180,6.61,0.06,0.8879,560,19,104.3,56,3.3192,0.001,1.6371,1.74,1.1357
OOT486,2592,2923,2865,2683,3060,3598,3826,3613,3846,6019,2966,2451,4.55,0.096,0.56447,343,23.4,14.78,7.51,3.8263,0.001,1.9581,0.18,3.7949
OOT487,3887,4133,4302,4349,4540,4904,5084,5043,5201,4404,2936,2322,5.34,0.153,0.695,330,24.9,45.25,31,5.3937,1.1,1.7334,1.01,0.8864
OOT488,4464,4477,4634,4684,4813,5104,5271,5110,5370,4293,2760,2286,5.22,0.05,0.56344,464,8.4,12.63,34.41,3.1809,1.8,2.3112,3.42,4.3212
OOT489,2450,2313,2338,2138,2653,3508,3666,3665,3793,10394,2181,1784,6.67,0.055,0.56963,314,11.2,89.63,34.43,22.589,0.001,0.3531,0.01,3.20489
OOT490,7438,7050,7077,7034,7231,7264,7290,7198,7299,8324,2336,2246,6.8,0.077,0.0003,313,19.6,1236,80.46,0.6454,0.001,0.8667,7.16,3.9334
OOT491,7456,7563,7503,7390,7559,7537,7527,7621,7504,8313,2541,2378,6.72,0.08,0.0003,234,32.4,563.1,80.46,0.6454,0.001,1.4766,1.65,0.26869
OOT492,7456,7563,7503,7390,7559,7537,7527,7621,7504,8313,2541,2378,5.76,0.041,0.56447,213,37.8,159.3,13.35,2.9043,0.009,0.39483,0.001,1.19387
OOT493,2467,2490,2612,2726,3068,3455,3599,3612,3720,5732,3620,3100,4.5,0.316,0.0003,131,44,1653.8,0.2,1.7518,0.001,0.7383,1.23,4.40153
OOT494,10562,10633,10204,10020,10778,10406,10156,10254,9933,16222,7975,6778,4.61,0.28,0.1061,59,0,1201.6,17.72,10.3264,0.01,4.58388,0.01,0.277
OOT495,1378,1287,1472,1275,1824,3528,3979,4088,4233,4395,2432,1705,5.75,0.208,0.018,10,12.2,1177.5,10.11,3.1348,0.01,1.6692,8.44,0
OOT496,4602,4635,4697,4749,5325,5729,5804,5755,5867,10916,5782,5335,5.98,0.216,0.4445,248,15.3,351,11.5,0.5993,0.01,4.0767,2.98,2.42098
OOT497,2206,3749,3761,3731,4232,4816,4944,5062,5047,5530,4670,3920,6.94,0.072,0.1008,56,42.2,257,28.6,0.6915,0.01,8.51934,56.1,0.3601
OOT499,2467,2490,2612,2726,3068,3455,3599,3612,3720,5732,3620,3100,6.86,0.138,0.0003,0,34.6,382.1,28.6,1.844,0.01,17.1093,1.25,1.51519
OOT500,1456,2791,2977,3050,3506,4231,4443,4594,4608,3412,4311,3445,6.13,0.171,0.9923,560,7,1110.6,86.01,0.2305,0.01,2.05119,1.96,0.00277
OOT501,1393,1519,1827,2009,2408,3249,3612,3812,3890,3839,3801,2890,6.1,0.122,0.455,254,23.6,136.7,203.15,0.0461,0.01,0.53286,0.165,0.00277
OOT502,1458,1633,1962,2239,2613,3311,3596,3721,3745,3726,3719,2998,5.6,0.129,0.1608,90,32,510.6,0.08,0,0.01,8.1213,21.46,2.1052
OOT503,1477,1610,1949,2379,2680,3069,3291,3415,3467,3587,4022,3283,5.57,0.133,0.5144,296,1.6,23.6,139.25,0.0461,0.01,4.25646,4.23,0.14681
OOT504,1416,1575,1907,2232,2617,3290,3573,3722,3776,3853,3967,3106,5.66,0.104,0.5115,292,11,35.1,207.07,0.9681,0.01,3.07197,2.36,0.40165
OOT505,1308,1447,1742,1731,2241,3469,3884,4115,4119,3996,3295,2477,5.35,0.158,0.4402,246,12.3,205.9,99.25,4.9327,0.01,3.9483,0.23,3.43757
OOT506,1388,1544,1855,2093,2518,3284,3584,3756,3842,3930,3934,3109,6.03,0.137,0.1423,79,0,1243,47.6,0,0.01,0.53928,0.87,0
OOT507,6143,4010,3948,3791,4388,5228,5438,5495,5651,13335,5040,4170,6.63,0.285,0.8694,560,0,1834.1,0.08,0,0.01,6.65433,15,0.00277
OOT509,1969,1764,1973,2026,2465,3413,3701,3716,3921,4047,3546,2668,5.62,0.118,0.1697,95,26.4,1572,0.01,1.2447,0.01,1.93563,0.001,0
OOT511,2739,1918,1923,1870,2086,2381,2446,2403,2467,4308,2034,1684,5.78,0.237,0.2382,133,13.9,1834.1,174,0,0.01,1.24869,3.04,4.0442
OOT512,8314,8026,7462,7085,7569,7402,7233,7315,7173,15635,6301,5902,6.98,0.146,1.1567,560,406.6,1483.6,0.01,0.8298,0.01,1.3803,0.001,0.000277
OOT513,1721,1634,1866,1753,2379,4021,4501,4508,4773,4133,3181,2273,6.3,0.177,0.7677,560,0,0.1,256.2,0,0.01,1.75266,4,10.1382
OOT514,3705,2882,2763,2642,2876,3155,3186,3382,3225,7573,3049,2526,5.43,0.2,0.8483,560,282.1,76.9,0.01,8.759,3.5,2.1507,0.001,1.7728
OOT515,5847,6987,6674,6505,7056,7104,7026,6970,7085,10755,6477,5848,5.71,0.16,0.0003,0,17.7,1809.2,19.53,9.0356,0.01,2.7285,0.001,4.93891
OOT516,1526,1687,2069,2429,2855,3471,3707,3772,3870,3823,3921,3026,4.13,0.43,0.563,287,26.2,1269.4,237.79,6.5923,0.01,1.7013,29.95,4.709
OOT517,1558,1601,1912,2069,2662,3769,4126,4273,4442,4287,3932,2887,5.96,0.14,0.9085,513,0,840.8,16.92,11.8016,1.148,1.0914,0.001,5.84747
OOT518,1600,1704,2146,2627,3030,3533,3742,3769,3864,3950,4196,3218,4.1,0.17,0.4965,278,0,329.9,66.47,6.0391,1.787,1.8297,0.001,2.6038
OOT519,1464,1583,1937,2057,2582,3664,3987,4135,4183,4114,3490,2655,5.3,0.158,1.262,574,0.8,492.7,7.2,9.1278,1.896,3.87447,0.001,5.85301
OOT520,1464,1583,1937,2057,2582,3664,3987,4135,4183,4114,3490,2655,5.01,0.289,0.037,0,0,532.6,0.01,6.4079,1.896,2.16033,0.001,1.63707
OOT521,1328,1335,1633,1658,2244,3549,3981,4165,4266,4202,3398,2393,4.62,0.245,2.456,623,0,1680.5,0.01,5.2093,0.01,2.02872,0.001,3.32677
OOT522,1586,1659,2007,2264,2646,3414,3717,3861,3975,3831,4131,3131,4.31,0.195,0.3874,218,0,601.8,0.01,6.5462,0.01,1.59537,0.001,4.68961
OOT523,1521,1457,1625,1718,2014,2637,2876,3005,3118,3478,3138,2506,5.12,0.3,0.1,105,15.1,474.1,0.01,6.0391,0.001,2.16033,0.01,1.76172
OOT524,1550,1531,1819,1976,2422,3388,3698,3820,3934,3892,3650,2803,4.35,0.3,0,0,12.1,1709,0.01,5.532,0.1,3.852,0,1.2742
OOT525,1433,1445,1746,1772,2371,3752,4151,4288,4468,4283,3508,2503,5.59,0.1,0,0,3.6,1540.1,0,5.9008,0.1,1.30647,0,5.6785
OOT526,1395,1377,1691,1667,2314,3987,4544,4733,4817,4620,3489,2422,6.18,0.2,0.2,138,4,82.2,0.01,4.1951,0.001,1.93242,0.01,0
OOT527,1325,1325,1500,1608,1739,1816,1882,1908,1944,2248,2368,2064,5.94,0.2,0.4,226,0,998.3,0.08,2.8582,0.001,0,0.01,0.01108
OOT528,1313,1507,1847,2065,2454,3152,3382,3457,3528,3307,3343,2533,5.02,0.1,0.62,397,11.3,630,0.08,3.2731,0,0.74151,0.01,0
OOT529,1395,1377,1691,1667,2314,3987,4544,4733,4817,4620,3489,2422,5.02,0.1,0.64,397,12.6,630,0.08,3.2731,0,0.74151,0.01,0
OOT530,1554,1527,1716,1808,2030,2382,2533,2549,2645,2540,2825,2341,5.36,0.2,0.63,412,1.32,29,0,1.5213,0.01,1.7013,0.01,0
OOT531,1554,1527,1716,1808,2030,2382,2533,2549,2645,2540,2825,2341,5.34,0.3,0.3,213,2.65,2.7,0,6.7306,0.001,3.06876,0,0
OOT532,1554,1527,1716,1808,2030,2382,2533,2549,2645,2540,2825,2341,6.03,0.1,1.6,560,16.03,805.9,0.08,5.4398,0.001,0.00321,0.01,0
OOT533,1459,1504,1771,1675,2315,3815,4251,4354,4565,3927,3418,2345,6.63,0.1,0.3,204,13.69,913.8,0.08,5.2554,0,4.51326,0.01,0.000277
OOT534,5038,5706,5526,5433,5864,5884,5858,5648,5833,9329,5029,4549,4.6,0.3,0.3,174,15.3,899.3,0.08,2.9043,0,4.83747,0,2.29356
OOT535,1488,1598,1960,2245,2674,3502,3779,3832,3970,4371,3877,2980,5.79,0.1,0.77,560,11,710.4,14.58,0.1844,0.001,11.26389,7.21,1.33791
OOT536,1606,1637,2030,2318,2766,3557,3807,3844,3950,3956,4073,3061,4.76,0.1,0.3,171,12,274.5,18.37,8.298,0.01,4.7508,15.7,0.18836
OOT537,2720,2037,2163,2228,2541,3024,3193,3168,3266,6242,2884,2315,6.06,0.1,0.66,456,65,600.9,0.01,3.8263,0.001,2.889,0.48,0.26592
OOT538,4375,2526,2651,2823,3129,3313,3386,3182,3437,8940,3473,3031,6.43,0.6,0.71,560,39,843.6,20.5,8.9434,0.001,17.0772,0,0.45705
OOT539,1311,1332,1604,1516,2181,3817,4283,4383,4618,4543,3254,2221,7.05,0.9,0.69,419,57,233.6,0.08,5.4398,0.001,9.0522,23.6,0.06925
OOT540,1373,1357,1641,1652,2222,3562,3977,4080,4277,4401,3342,2406,4.8,0.2,0.78,556,0,361.5,0,1.4291,0.001,5.7459,20.5,0.19944
OOT541,6485,6582,6354,6258,6768,6784,6743,6441,6716,11153,5577,4865,4.62,0.09,0.77,529,35,463.3,0.01,7.376,0.01,9.8226,19.1,7.2574
OOT542,4375,2526,2651,2823,3129,3313,3386,3182,3437,8940,3473,3031,5.25,0.09,1.2,560,4.6,455.1,0,3.3192,0.001,6.0669,23.6,0.4709
OOT543,1486,1588,1826,1943,2432,3436,3782,3908,4140,4624,4024,3047,5.96,0.06,1.3,560,822.8,1110,0,3.8263,0.001,4.6866,15.6,0.20775
OOT544,1459,1541,1824,1955,2455,3481,3882,3981,4145,4085,3585,2734,6.75,0.04,0.2,128,0,158.8,0,5.3937,1.1,1.5087,0,4.4597
OOT545,1580,1678,1937,2159,2587,3385,3735,3824,3944,3995,3715,2927,6.87,0.09,0.52,379,273.8,627.9,0,3.1809,1.8,1.8618,0.01,8.9471
OOT546,1516,1462,1675,1807,2234,3117,3466,3594,3733,3823,3313,2520,6.91,0.08,0.69,404,249.5,713.3,0,22.589,0.001,5.12316,11.2,7.21308
OOT547,1528,1717,2026,2199,2702,3632,3999,4083,4208,4155,3763,2945,4.42,0.04,0.1,172,23.6,158.8,0,0.6454,0.001,3.3063,0,7.479
OOT548,1400,1508,1775,1919,2453,3562,3967,4056,4180,4480,3624,2659,4.95,0.01,0.53,335,157,906.7,0,0.6454,0.001,3.1458,0,7.4513
OOT549,1337,1484,1750,1671,2291,3722,4204,4336,4488,3912,3417,2412,4.32,0.1,0.51,322,42.2,50,0,2.9043,0.009,2.8569,0.05,5.52338
OOT550,1447,1630,1938,2175,2583,3441,3766,3813,3909,3554,3765,2920,5.35,0.07,0.53,301,0,40.9,22.42,1.7518,0.001,3.3063,0.05,4.14392
OOT551,1520,1677,1958,2197,2556,3297,3590,3673,3734,3852,3559,2804,6.6,0.07,0.4,252,44.2,49.5,21.47,2.2128,9.2,2.82801,0.01,2.3822
OOT552,1535,1701,2075,2445,2869,3551,3869,3967,4099,4069,4254,3433,6.26,0.06,0.4,227,21,44.2,26.26,1.7518,7.7,4.0125,0.01,4.6536
OOT553,1507,1585,1931,2224,2686,3844,4284,4305,4392,4161,4058,3143,6.16,0.062,0.1,103,10.5,20.1,0.01,0.5532,0.001,4.0125,0.01,2.29079
OOT555,1300,1611,1887,2145,2512,3189,3483,3632,3733,3143,3891,3031,5.58,0.16,0.1,76,41.1,253,0.01,0.7376,0.573,2.0544,0.01,4.96107
OOT556,2405,2643,2827,2912,3340,4194,4504,4586,4790,4569,4443,3439,4.09,0.36,0.06,498,56,21.6,2.71,0,1.94,2.70603,4.95,0.0277
OOT557,2997,2701,2877,3020,3397,4184,4474,4513,4665,5986,4454,3478,5.31,0.31,0.3,180,48.3,66.8,0.01,0,19.5,3.38655,10.43,3.84476
OOT558,1223,1338,1547,1610,2032,2992,3306,3446,3611,4141,3305,2479,4.06,0.71,0.81,560,7.5,262,0.01,32.0395,16.2,3.46359,28.11,1.21603
OOT559,1419,1480,1724,1729,2264,3791,4321,4387,4495,4026,3380,2453,4.03,0.7,0.15,332,88,0,0,2.9043,9.8,2.87616,5.6,0
OOT560,1997,1842,2012,2130,2424,2978,3167,3214,3298,4458,3080,2394,6.1,0.13,0.81,560,56,96.5,0.01,1.1064,1.7,2.91789,21.6,1.68139
OOT561,2380,2862,2976,3044,3491,4318,4625,4859,4976,5091,4966,3789,5.34,0.12,0.3,187,27.1,253,0,2.87203,9.8,4.11843,23.11,1.72571
OOT562,5709,5757,5496,5291,5767,6008,6017,6077,6000,12299,5474,5292,5.29,0.6,0.33,204,14.6,115.3,0,0.00461,0.001,2.33688,8.76,0.47921
OOT563,2788,3044,3000,2817,3253,3972,4178,4233,4300,6161,3569,3034,4.88,0.14,0.4,198,9,115.3,0.01,1.9823,3.368,1.67562,1.41,0.50414
OOT564,3876,3618,3589,3590,3963,4230,4293,4258,4358,8826,4367,4061,4.79,0.1,0.58,326,13.2,244.2,0.01,3.4575,4.2,3.08481,0.01,0.0277
OOT565,4974,4787,4639,4544,5063,5468,5569,5554,5663,11811,5161,4844,4.47,0.1,0.4,238,21.9,157,0.01,1.1064,5.81,3.41223,3.9,2.51516
OOT566,2047,2099,2467,2848,3420,4358,4714,4792,5056,4971,4974,3650,5.71,0.14,0.47,285,16,1061.4,0.01,5.532,4.463,5.05896,1.87,0.65095
OOT567,7017,6351,6075,5903,6385,6454,6414,6299,6409,13350,5843,5548,5.93,0.07,0.47,264,16.3,120.1,0.01,4.5178,3.9,2.2149,4.7,1.2742
OOT568,4218,3692,3704,3726,4198,4617,4757,4625,4895,10009,4593,4353,6,0.06,0.45,265,10.8,530.9,0.01,6.7306,3.1,1.84575,7.65,1.88914
OOT569,2022,2050,2167,2197,2559,3174,3356,3267,3473,4074,2961,2253,5.34,0.14,0.29,162,26.4,231.1,0.01,3.1348,4.6,4.2051,3.9,2.7423
OOT570,6212,6554,6238,6019,6492,6601,6561,6487,6518,12729,5677,5342,6.07,0.1,0.47,264,15.9,530.9,0.01,6.7306,3.18,1.84575,7.65,1.88914
OOT571,12035,10461,9647,9174,9841,9306,8973,8792,8762,17710,7074,6103,6.48,1.12,0.42,237,321.9,766,0.01,4.3334,5.11,2.14749,3.45,1.8836
OOT572,3566,4176,3947,3807,4164,4296,4288,4296,4305,6818,4075,3388,5.98,0.5,0.17,98,209.2,55.6,56.7,7.0533,0,2.0223,0.01,0.03047
OOT573,4501,4121,3954,3824,4210,4409,4437,4285,4474,8688,4069,3732,5.93,0.3,0,0,14.2,175.6,58.46,4.7022,0.001,1.62426,0.01,0
OOT574,6172,5339,4777,4434,4668,4790,4749,4974,4947,14438,4685,4255,7.57,0.4,3.03,560,25.4,175.9,50.11,7.5604,0.001,1.99983,0.01,0.03878
OOT575,5936,5040,4596,4288,4554,4750,4733,4962,4990,14012,4653,4190,7.4,0.4,0.73,560,25.4,175.9,50.11,7.5604,0.001,2.0223,0.01,0.03878
OOT576,4672,4306,4042,3848,4161,4577,4660,4807,4899,11231,4447,3941,7.24,0.4,0.78,560,25.4,175.9,50.11,7.5604,0.14,2.0223,0.01,0.000277
OOT577,10469,9012,7820,7047,7072,6746,6488,6720,6554,20357,5767,5639,7.03,0.1,0.86,560,211.3,354.8,25.4,9.7271,0.001,2.17638,0.01,0.73959
OOT578,5952,5384,4784,4349,4590,4798,4763,5034,4961,13984,4573,4181,7.11,0.1,0.44,248,17.8,459.9,31,9.7271,0,1.56969,0.01,0.000277
OOT579,6815,5562,5090,4651,4908,5452,5591,5708,5907,11817,4625,3887,7.73,0.2,0.47,267,92.8,354.9,51.08,6.7767,0.001,2.16675,0.01,1.31021
OOT580,5945,5402,4842,4378,4682,5033,5041,5310,5298,14163,4665,4217,5.12,0.2,0.69,500,27.1,105.5,24,4.5178,0.001,1.37709,0.01,0.277
OOT581,11257,10147,8734,7799,7639,7166,6893,7229,6999,19777,6258,5753,5.74,0.1,2.7,560,153.8,76.7,56,6.5001,0.001,1.62105,0.01,1.25758
OOT582,9753,9091,7908,7017,6944,6804,6685,6892,6848,15865,5619,4867,4.97,0.3,0.94,560,0,27.5,7.51,6.915,0,0,0.01,0.000277
OOT583,8799,7676,6710,5974,6094,6181,6133,6467,6383,18794,5459,5041,5.89,0.3,2.62,560,0,92.1,31,4.5178,4.13,1.12671,0.01,0.000277
OOT584,11466,10170,8738,7818,7688,7202,6931,7171,7026,20071,6145,5698,5.04,0.3,3.05,560,334,33.8,34.41,4.5639,0.001,1.81044,0.01,0.95565
OOT585,12317,11109,9502,8503,8314,7720,7433,7626,7554,19741,6498,5953,5.5,0.1,1.5,560,0,83.5,34.43,3.6419,9.52,9.73593,0.01,0.000277
OOT586,13393,12372,10497,9289,8885,8179,7849,8354,8143,20569,6776,6317,5.09,0.6,0.93,560,0,34.3,80.46,9.4966,0.001,1.926,0.01,0.28254
OOT587,12890,11059,9471,8364,8070,7637,7458,7768,7754,20023,6333,5696,5.33,0.4,0.4,260,0,34.3,80.46,9.4966,0.001,3.21,0.01,8.55653
OOT588,10854,9774,8498,7553,7676,7527,7345,7473,7471,20104,6160,5970,6.98,0.12,0.44,248,12,528,13.35,4.5178,4.74,1.81044,0.01,0.000277
OOT589,12898,13504,12874,12561,13522,12757,12279,12084,12184,17364,8509,7344,6.93,0.1,0.62,422,0.1,577,0.2,6.7767,0.001,1.26153,0.01,0
OOT590,12898,13504,12874,12561,13522,12757,12279,12084,12184,17364,8509,7344,6.44,0.1,0.065,36,91.5,57.9,17.72,6.5001,19.57,1.61784,0.01,0.000277
OOT591,5466,5315,4784,4297,4554,4863,4832,5056,5042,12634,4526,4081,6.41,0.1,0.6,411,56.2,52,10.11,3.688,0.001,4.36881,0.01,1.03321
OOT592,9327,8996,7792,6994,7012,6692,6438,6707,6508,18884,5779,5584,6.94,0.3,0.6,428,50.8,12.75,11.5,0.66845,0.01,1.63389,0.001,2.51239
OOT593,4413,5386,5134,4880,5410,5675,5694,5677,5774,11554,4735,4156,5.53,0.1,1.67,560,57.5,53.2,0.01,6.6845,0.001,0.23112,0.01,2.37112
OOT594,2810,1890,1940,1984,2248,2556,2678,2619,2744,5942,2550,2129,5.07,0.1,0.68,483,56.7,159,17.71,8.9895,0.001,2.02551,0.01,0.37672
OOT595,8151,6790,5894,5121,5398,5730,5751,6025,6062,17516,4983,4449,6.31,0.1,0.61,411,0.1,187.8,12.75,5.5781,0,1.26474,0.01,0.000277
OOT596,2810,1890,1940,1984,2248,2556,2678,2619,2744,5942,2550,2129,6.95,0.1,0.13,75,0.1,222.3,14.57,7.4682,0.001,1.81044,0.01,1.31021
OOT597,1470,1648,2006,2402,2765,3182,3401,3453,3612,3433,4328,3376,6.27,0.3,0.6,411,16.9,54.5,42.11,7.5143,0.001,1.61784,0.01,0.000277
OOT598,1327,1385,1584,1633,2017,2956,3277,3366,3543,3669,3245,2371,6.28,0.3,0.18,106,86.6,33.5,0.01,3.6419,0.001,0,0.01,4.2381
OOT599,1456,1398,1633,1556,2072,3415,3794,3838,4024,4721,2906,2070,6.55,0.3,0.83,560,104.9,107.8,13.11,7.6987,0.001,6.94644,0.01,8.91109
OOT600,1446,1537,1752,1785,2284,3403,3797,3899,4122,3922,3626,2631,6.53,0.1,0.38,214,94,191.9,42.17,9.7271,17.66,4.36881,0.01,0.000277
OOT601,2077,1418,1542,1586,1788,2076,2136,2135,2142,4907,2003,1680,6.99,0.1,0.48,271,94.7,125.6,42.12,4.5178,0.001,2.24058,0.01,2.58441
OOT602,1450,1468,1753,1805,2353,3492,3838,3921,4139,4183,3751,2746,6.99,0.1,0.29,164,11.5,154.3,42.91,3.5958,0.001,2.91789,0.01,2.37389
OOT604,8062,8246,7430,6962,6963,6670,6484,6497,6655,14001,4893,4538,5.08,0.1,0.16,90,115.3,272.1,0.01,6.8689,0.001,0.22791,0.01,1.27143
OOT605,4177,4582,4339,4189,4406,4555,4539,4544,4677,10599,3811,3382,5.86,0.1,0.23,132,10.6,100,17.7,3.5036,0.001,1.61784,0.01,0
OOT606,3655,4286,4052,3859,4120,4501,4553,4551,4696,9724,3695,3290,5.97,0.1,0,0,116.9,188.2,42.23,4.5178,0.001,1.26153,0.01,2.37112
OOT607,7722,4732,4402,4187,4407,4557,4554,4431,4673,14052,3526,3297,5.65,0.1,0.28,160,12.6,188.3,20.85,7.5604,0.001,0.963,0.01,2.59826
OOT608,6570,5056,4782,4503,4847,5330,5429,5452,5695,10921,4358,3666,6.2,0.1,0.29,163,120.1,270.8,20.88,5.4859,0.001,1.64352,0.01,0.4155
OOT609,3159,3027,2992,2915,3275,3847,3966,4031,4196,8677,3297,2788,6.25,0.1,0.28,159,112.3,184.1,20.91,7.6065,0.001,1.81044,0.01,0.000277
OOT610,6052,4481,4246,4093,4335,4552,4561,4549,4693,11832,3779,3284,6.24,0.1,0.28,159,121.9,278.4,17.24,4.5178,0.001,1.62105,0.01,2.60934
OOT611,3552,4598,4212,3919,4140,4415,4459,4540,4647,8338,3695,3367,6.15,0.1,0.37,211,13.1,151.1,49.16,3.5958,0.001,2.02551,0.01,8.85569
OOT612,7354,6357,5991,5727,6489,6509,6444,6179,6516,17160,3843,3769,6.16,0.1,0.1,78,12.5,126.7,41.89,6.8228,8.55,0.95016,0.01,0.000277
OOT613,4347,5192,5040,4843,5549,5929,5958,5717,6042,12193,4370,3840,6.23,0.1,0.23,132,13.9,125,36.85,6.7767,0.001,0.90522,0.01,0
OOT615,10186,10020,9697,9540,9886,9699,9706,9672,9524,12933,3322,3574,4.25,0.4,0.2,172,43.5,221.3,7.16,1.6596,0.001,3.44754,1.89,1.49026
OOT616,10286,10035,9713,9553,9908,9719,9718,9703,9540,13108,3343,3593,5.93,0.1,0.49,278,54.8,58.9,6.2,1.6596,1.02,0.7062,7.16,6.94716
OOT617,10045,9854,9565,9373,9691,9554,9573,9553,9412,12695,3357,3602,6.99,0.6,0.24,139,131.9,145.6,97.35,9.0356,19.6,2.91468,0.96,2.82817
OOT618,8906,8864,8649,8548,8781,8737,8847,8788,8718,11119,3414,3585,5.33,0.1,0.77,548,135.3,53.2,7.16,2.9504,6.4,0.00321,3.24,3.45696
OOT619,8906,8864,8649,8548,8781,8737,8847,8788,8718,11119,3414,3585,5.07,0.1,0.3,169,13.2,161,6.97,1.3369,2.9,0.002247,1.82,1.51796
OOT620,10058,9882,9576,9417,9763,9596,9605,9588,9431,12814,3339,3583,7.73,0.1,0.58,380,25,422,5.06,0,0,0.062595,5.76,2.15783
OOT622,6895,6940,6900,6906,7155,7252,7418,7434,7385,9431,3473,3531,5.18,0.1,0.09,54,58,101.2,6.47,1.383,3,0.045261,3.3,0.90025
OOT623,6972,7014,6965,6968,7216,7298,7458,7471,7423,9494,3487,3541,5.78,0.11,0.08,45,95.7,87.4,12.13,2.0284,4.4,0.604764,0.63,3.94171
OOT624,1288,1340,1535,1388,1934,3188,3598,3631,3856,3585,2972,2088,6.16,0.4,0.109,61,25,389,14.24,0.4149,0.9,0.379743,1.29,2.14675
OOT625,1288,1340,1535,1388,1934,3188,3598,3631,3856,3585,2972,2088,6.16,0.1,1.22,560,31.3,401,7.14,0.5993,1.3,0.52323,0.64,0.037672
OOT626,1594,1564,1711,1699,2071,2879,3128,3075,3223,3142,2764,2015,6.22,0.1,0.37,212,83.4,412,19.33,0,0,0.00321,7.44,8.81968
OOT627,8500,8485,8326,8224,8526,8489,8552,8552,8460,11055,3467,3609,6.28,0.5,0.2,112,10.6,69.4,10.01,1.383,3,0.000321,3.31,2.37112
OOT628,1482,1517,1862,1889,2471,3812,4185,4169,4368,4151,3499,2530,5.61,0.4,0.2,112,22.1,117,7.16,3.0426,6.6,0.000321,10.63,2.14398
OOT630,1563,1762,2073,2142,2705,4064,4447,4483,4669,4339,3999,2914,6.26,0.1,0.26,150,38.6,157,4.24,0.5993,1.3,0.053928,1.19,1.17171
OOT631,1599,1510,1800,1735,2363,3871,4296,4339,4578,4308,3619,2555,5.55,0.9,0.82,560,13.1,326,4,9.4505,20.5,0.0321,0.25,3.45973
OOT632,1454,1477,1738,1854,2346,3177,3450,3483,3714,3676,3573,2672,5.74,0.1,0.51,301,116.8,438,12.75,5.4859,11.9,0.000321,1.99,2.58441
OOT633,1742,1814,2199,2315,2866,4159,4504,4530,4720,4268,4369,3318,5.77,0.1,0.3,222,91.2,459,9.4,7.6065,16.5,0.052002,0,1.9667
OOT634,2017,2543,2729,2927,3266,3735,3895,3881,4011,3959,4113,3160,6.01,0.1,0.55,344,17.2,83.5,19.3,6.8228,14.8,0.078966,4.52,0.45705
OOT635,1486,1572,1858,2018,2444,3352,3655,3682,3824,3972,3580,2757,6.46,0.3,0.48,270,40.6,67.6,3.4,7.4221,16.1,0.063558,5.93,1.40162
OOT636,1410,1441,1769,1688,2273,4313,4866,4857,5005,4090,3306,2337,6.45,0.1,0.54,322,94.7,482,44,4.2412,9.2,0.00321,2.09,0.4155
OOT637,1116,1425,1782,2019,2459,3386,3638,3654,3775,3362,3563,2835,5.98,0.12,0.41,298,43.8,40.9,22,1.9362,4.2,0.3852,1.06,3.09963
OOT425,7608,7134,7155,7134,7334,7593,7703,7716,7770,7732,5220,4212,7.02,0.041,0.216,301,14.19,149.7,95.19,0.2766,4.21,3.81348,1.389,1.350652
OOT554,7809,7363,7352,7327,7531,7747,7849,7900,7902,7847,5250,4237,6.95,0.85,0.589,311,0.05,93.37,40.67,0.02305,0.001,1.62747,3.001,0.439322
OOT568,2543,2069,2303,2223,2684,3776,4079,3960,4212,3830,3009,2325,6.34,0.189,0.687,414,3.49,248.7,33.44,2.023329,2.481,0.71583,0.014,0.336278
OOT072,4635,4058,3995,3916,4178,4650,4801,4661,4878,5322,4163,3904,6.29,0.121,0.054,3,2.48,288,1.234,1.112854,2.181,1.473069,0.128,0.059278
OOT278,2460,2417,2599,2522,2975,4107,4555,4413,4664,4735,3078,2454,6.23,0.044,0.44,248,50.3,208.7,237.31,3.688,6.4,2.02551,2.09,0.90302
OOT463,2460,2417,2599,2522,2975,4107,4555,4413,4664,4735,3078,2454,6.26,0.066,0.69,500,50.3,91.9,47.14,7.4682,3,2.91468,0.136,1.17171
OOT360,2322,2366,2524,2413,2861,3960,4395,4291,4526,4390,3053,2415,6.43,0.049,0.48,271,65.7,275.6,185.5,0,1.34,1.761648,1.06,0.439322
OOT087,6182,6939,6797,6658,6991,7345,7460,7328,7502,8315,4970,4281,6.43,0.092,0.174,487,235.7,498,142.3,0.6915,1.334,0.59064,56.01,2.14675
OOT738,1708,1685,1934,1890,2377,3525,3883,3895,4017,4164,3038,2253,6.12,0.506,0.789,463,41.5,588,7.04,0.63618,1.002,0.000321,0.003,0.002493
OOT740,2449,2368,2521,2464,2888,3883,4234,4192,4362,5600,3422,2734,5.28,0.044,0.386,210,2.4,109.9,25.03,2.0284,1.814,3.46359,0.001,0.355668
OOT741,3013,2003,2220,2252,2650,3354,3579,3509,3617,6097,3058,2380,5.02,0.041,0.411,296,17.6,68.3,68.7,1.4291,1.614,0.111708,0.178,2.073622
OOT742,1594,1708,1947,1960,2468,3569,3949,3858,4094,3977,3479,2522,5.09,0.045,0.588,380,24,41,84.68,19.2698,2.008,0.477006,1.008,0.862024
OOT744,6987,6757,6442,6208,6521,6737,6840,6610,6855,7393,4728,3753,6.01,0.058,0.248,202,13.18,51.8,174.84,2.80288,7.216,1.537269,1.286,0.613832
OOT746,6817,5536,5453,5376,5743,6140,6321,6039,6410,7151,5094,4384,6.18,0.428,0.338,322,18.22,299.8,143.74,0.2305,5.419,3.89694,2.489,1.104399
OOT747,6817,5536,5453,5376,5743,6140,6321,6039,6410,7151,5094,4384,5.94,0.549,0.481,414,22.48,219.8,200.04,1.9362,2.86,1.91316,3.589,1.348436
OOT748,7189,7023,6968,6906,7081,7225,7313,7354,7330,7573,4026,3726,5.86,0.312,0.552,468,21.09,300,189.06,1.7518,3.375,0.77361,4.345,0.593057
OOT749,7468,7410,7337,7254,7417,7530,7607,7661,7614,7663,4048,3606,6.01,0.412,0.628,560,31.4,498,82.82,1.8901,4.411,0.99189,3.789,1.332924
OOT750,7477,7014,7054,7051,7264,7538,7665,7634,7745,7603,5232,4231,6.23,0.58,0.218,198,52.08,365,66.48,0.464688,0.001,2.20206,0.001,3.06916
OOT752,7189,7023,6968,6906,7081,7225,7313,7354,7330,7573,4026,3726,5.36,0.382,0.415,240,11.09,118,45.61,2.293475,0.001,1.95168,0.001,0.556216
OOT754,1487,1647,2044,2102,2658,3932,4360,4285,4507,4611,3568,2665,4.01,0.79,0.002,0,5.06,148,229.68,5.341146,0.001,3.17148,4.008,1.941493
OOT756,1507,1595,1971,1862,2508,4198,4703,4644,4897,4624,3508,2517,6.03,0.9,0.589,388,4.51,112.6,197.52,0.618201,0.523,4.84068,0.001,20.07696
OOT757,2506,2588,2661,2521,3029,4088,4437,4470,4606,7387,3199,2516,5.3,0.34,0.444,333,32.16,311.6,227.33,3.17168,0.002,0.001284,1.389,9.420216
OOT759,1528,1695,2033,2024,2548,3820,4249,4230,4429,4444,3365,2579,6.01,0.189,0.218,195,5.09,843.1,322.1,0.461922,3.899,0.510069,4.005,1.522392
OOT760,1528,1695,2033,2024,2548,3820,4249,4230,4429,4444,3365,2579,6.08,0.286,0.108,78,3.58,784.86,8.09,0.003688,4.589,20.155269,5.195,1.215753
OOT762,3773,3595,3424,3134,3585,4368,4624,4688,4761,10964,3032,2661,6.98,0.481,0.118,158,0.08,122.01,68.5,0.068228,2.898,4.191618,4.328,1.185837
OOT763,1539,1686,1910,1823,2429,4038,4620,4663,4911,4611,3362,2450,5.86,0.568,0.28,214,0.08,484.3,69.05,10.827046,3.798,2.262408,0.008,1.950357
OOT764,3316,3211,3134,2941,3324,4025,4356,4289,4528,6579,2911,2478,4.63,0.384,0.345,212,12.08,238.7,12.01,5.10788,0.001,1.374201,0.01,0.908837
OOT765,8189,8502,8132,7852,8513,8494,8489,8205,8445,15043,6256,4915,6.35,0.458,0.338,114,3.58,388.05,32.48,0.221741,0.001,13.516668,5.489,0.946786
OOT766,1777,1822,2150,2212,2752,3865,4287,4190,4414,4375,3517,2653,6.09,0.044,0.358,238,4.09,152.8,4.08,0.685046,0.001,1.04325,1.74,0.000277
OOT767,1722,1782,2111,2062,2682,4189,4730,4634,4885,4585,3567,2607,6.23,0.067,0.341,297,13.12,33.5,11.09,0.976398,0.389,0.38199,0.01,0.000277
OOT768,1479,1596,1888,1755,2419,4113,4730,4669,4962,4890,3189,2268,6.11,0.061,0.562,288,55.08,12.07,12.01,0.462844,0.541,1.26474,4.002,0.439876
OOT769,1431,1588,1878,1799,2397,3841,4380,4322,4582,4580,3096,2265,4.63,0.056,0.432,488,56.19,784.6,14.11,1.977229,0.381,0.34989,3.051,0.678096
OOT770,1562,1614,1937,1953,2537,3777,4212,4165,4433,4323,3466,2580,6.16,0.123,0.468,502,7.08,12.79,78.49,4.152688,0.005,0,6.578,0.300268
OOT771,1524,1723,1992,1920,2426,3591,3996,3935,4132,4345,2928,2240,6.35,0.078,0.541,584,4.28,13.18,48.05,6.031724,1.008,2.94999,3.984,0.945955
OOT773,2834,4464,4425,4221,4644,5643,5930,5822,6058,4973,4536,3718,6.05,0.286,0.381,389,2.05,128.9,28.08,0.928454,11.08,1.47018,2.12,0.687237
OOT774,2093,1985,2202,2053,2622,4202,4672,4628,4893,5275,3272,2360,5.4,0.137,0.452,541,14.05,341.7,19.05,2.09294,24.96,1.11387,0.001,0.001108
OOT775,2030,1964,2223,1984,2713,4598,5172,5040,5416,5132,3208,2339,5.52,0.109,0.125,101,12.01,288.4,22.01,1.39222,20.59,0.32742,0.001,0.279493
OOT776,2093,1985,2202,2053,2622,4202,4672,4628,4893,5275,3272,2360,5.72,0.109,0.4141,248,2.01,284.4,2.48,0.461461,10.04,1.117401,0.368,0.576437
OOT777,3485,3235,3219,3042,3516,4293,4482,4396,4556,10291,2704,2436,6.3,0.127,0.0052,49,5.02,344.2,1.08,0.003688,11.23,7.72968,0.789,0.022437
OOT778,1852,1797,2099,1968,2564,4300,4767,4603,4877,4707,3074,2231,5.94,0.091,0.157,121,0.001,846.2,4.38,0.068228,0.001,0.403176,0.288,0.052076
OOT779,3296,3226,3210,3025,3534,4327,4517,4452,4616,9757,2772,2443,6.4,0.094,0.423,210,22.72,608.4,2.08,1.604741,4.589,0.789018,0.189,0.218553
OOT780,3533,3291,3300,3115,3644,4591,4862,4738,4964,10098,2879,2587,6.46,0.211,0.875,348,73.44,112.4,158,2.065741,2.098,0.050718,0.586,0.034625
OOT782,3394,3300,3344,3236,3596,4378,4665,4414,4816,5257,3535,3061,6.03,0.133,0.125,99,0,44.2,312.22,1.421724,0.001,3.557964,0.001,0.024653
OOT784,3299,3100,3066,2887,3367,4311,4572,4477,4676,9773,2630,2349,6.3,0.083,0.489,348,73.1,3119.6,160.29,0.160428,3.048,4.07028,0.689,0.689453
OOT785,5111,5249,4992,4687,5083,5543,5747,5776,5735,9297,3428,3112,5.28,0.068,0.289,168,125.5,353.2,0.02,0.621428,0.048,1.120611,2.486,0.129636
OOT786,3923,3892,3811,3532,3962,4889,5257,5214,5342,7178,2986,2575,6.06,0.082,0.488,301,101,218.9,30.6,1.383,1.024,0.017976,5.249,0.556216
OOT787,2481,2440,2640,2686,3052,3829,4175,4026,4233,4487,3187,2573,6.09,0.093,0.589,348,12.5,351.9,31.01,2.234928,1.084,0.985791,3.21,1.270322
OOT788,3510,3288,3320,3136,3562,4474,4885,4761,5005,5964,3076,2527,6.2,0.083,0.86,560,0,15.7,137.26,4.5178,1.02,1.62105,5.76,0
OOT791,4222,4108,4053,3869,4296,4975,5280,5111,5330,7738,2994,2687,6.44,0.047,0.18,106,34.4,45.1,58.75,3.6419,11.9,0.572664,4.52,0.000277
OOT792,2495,2474,2626,2486,2930,4093,4529,4414,4659,4598,3117,2478,6.26,0.048,0.83,560,55.6,46.4,237.31,4.5178,3.64,0.052002,5.93,0.927396
OOT793,2460,2417,2599,2522,2975,4107,4555,4413,4664,4735,3078,2454,6.49,0.043,0.38,214,51.8,208.7,316.81,0.5993,8.5,0.078966,2.09,0.495553
OOT795,2228,2340,2525,2348,2827,4174,4646,4546,4748,4454,2951,2254,6.48,0.124,0.29,164,23.7,267.3,99.12,1.5674,2.42,0.384879,0.01,0.268413
OOT796,2191,2277,2443,2383,2759,3654,4016,3922,4090,4152,2881,2294,6.59,0.066,0.94,560,160.3,114.1,38.67,0.4149,4.05,0.642,7.16,0.218553
OOT797,2924,2802,2932,2834,3242,4189,4610,4479,4711,5017,3203,2656,5.86,0.162,0.341,200,71.2,16.6,38.04,0.9681,11.23,2.247,0.189,0.034625
OOT798,2723,2708,2826,2614,3130,4508,5098,4981,5256,5172,3145,2478,5.82,0.074,0.1414,204,92.5,116.6,0.02,10.0498,1.162,2.47812,7.16,3.56222
OOT799,3845,3605,3643,3487,3874,4791,5237,5068,5334,5135,3639,3144,6.19,0.057,1.2074,333,73.44,112.4,215.16,2.3511,0.441,3.21642,6.57,2.15783
OOT801,2495,2474,2626,2486,2930,4093,4529,4414,4659,4598,3117,2478,6.35,0.072,1.1136,159,196,588,225.6,1.2447,0.172,1.04325,80.88,5.52338
OOT803,2971,2930,3002,2870,3269,4237,4686,4578,4790,5182,3214,2770,3.92,0.413,1.147,158,59.8,229,22.4,0.55781,0.241,1.29684,0.001,0.000277
OOT804,2588,2587,2663,2532,2905,3867,4307,4211,4422,4440,2835,2339,6,0.5,0.28,159,23.6,98.4,38.4,0.535682,1.95,1.10103,1.63,1.115756
OOT806,2947,3103,3185,3054,3473,4441,4879,4772,4976,5250,3327,2839,6.39,0.5,0.0021,47,0,131.2,0.01,0.94505,1.16,0.15087,2.96,3.456406
OOT808,2511,2439,2607,2503,2959,4124,4596,4459,4712,4820,3074,2471,5.57,0.812,0.4981,248,273,188,29.04,0.00461,0,0.010914,3.41,4.0996
OOT809,2586,2655,2755,2573,3050,4378,4929,4822,5074,5283,2902,2290,5.43,0.054,0.234,105,0,100.7,52.59,1.1525,0.001,0.02889,21.75,2.55671
OOT810,4105,3710,3709,3510,3980,4894,5272,5160,5350,7671,3168,2672,4.72,0.781,0.0815,10,41.5,1248.8,158.4,2.6738,0.109,1.36104,0.001,1.1634
OOT811,4100,4050,4004,3816,4234,4921,5219,5068,5283,7526,3015,2689,6.08,0.638,0.8712,560,2.46,32.4,56.88,24.48371,0.001,0.34989,4.01,1.72848
OOT812,2330,2337,2551,2485,2915,4023,4455,4307,4503,4357,3064,2400,6.07,0.717,0.2812,472,12.43,789,2.11,10.54768,0.202,0.67089,6.32,2.04703
OOT813,2269,2260,2432,2310,2734,3835,4248,4179,4381,4074,2954,2341,6.96,0.251,0.4168,244,68.7,324.1,9.88,4.55468,2.418,2.59689,0,0.18005
OOT814,10363,10209,10285,10340,10696,10667,10734,10691,10636,11827,3962,3618,6.09,0.121,0.5963,318,130.5,640.2,19.12,6.8228,0.214,0.99189,4.95,0.37395
OOT816,4080,4060,3998,3796,4208,4927,5234,5102,5301,7526,3002,2675,5.21,0.388,0.425,265,54.6,538.4,32.4,0.5993,0.584,1.33857,0.002,0.82546
OOT817,4100,4050,4004,3816,4234,4921,5219,5068,5283,7526,3015,2689,5.23,0.422,0.1369,98,48.32,846.3,68.7,2.51245,0.787,0.86028,0.786,0.49029
OOT818,4080,4060,3998,3796,4208,4927,5234,5102,5301,7526,3002,2675,5.23,0.4,0.4066,228,74.7,911.3,78.3,2.11138,2.541,0.01284,0.248,2.14675
OOT819,2694,2758,2842,2718,3122,4109,4564,4422,4687,4929,3042,2592,5.19,0.43,0.1765,99,57.3,200,38.9,0.95427,1.008,0.56175,0.789,4.63975
OOT820,10363,10209,10285,10340,10696,10667,10734,10691,10636,11827,3962,3618,5.1,0.406,0.3648,205,28.1,496.5,30.4,0.71916,1.875,0.66126,0.9,0.90856
OOT821,3789,3893,3847,3636,4050,4867,5230,5157,5292,6763,3128,2667,5.22,0.5,0.4176,229,166.9,386.4,21.2,1.60428,0.001,1.11708,0.345,215.783
OOT822,4980,5798,5737,5619,6000,6542,6738,6600,6841,7253,4696,4090,7,0.418,0.3017,186,76,114.8,24.8,5.37065,3.416,1.34178,0.476,1.72848
OOT824,4524,3981,4068,4038,4452,5178,5437,5351,5562,6997,3870,3340,6.26,0.413,0.307,172,1224,568,48.9,0.57625,1.124,1.01757,0.551,0.18005
OOT825,3896,3202,3359,3342,3779,4646,4950,4834,5118,6834,3612,3156,6.28,0.397,0.549,335,157,870.6,54.6,1.59045,1.568,2.56158,0.748,0.37395
OOT826,3390,3376,3511,3417,3918,4939,5258,5182,5405,6482,3512,2924,6.3,0.433,0.0041,0,58.8,776.8,62.8,10.17888,1.002,2.89221,1.234,1.3573
OOT827,5731,5156,5127,4998,5414,6104,6327,6219,6417,8504,4016,3515,7.63,0.386,0.1878,126,92.5,184.4,14.09,14.32788,1.007,3.23568,0.568,0.82546
OOT828,6747,5926,5882,5733,6158,6729,6889,6748,6942,9923,3991,3526,6.3,0.083,0.489,348,233.1,511.6,160.23,0.160428,3.048,4.07028,0.689,0.689453
OOT830,5692,5283,5194,5081,5376,5800,5953,5868,6026,7592,4106,3607,6.16,0.069,0.038,270,92.5,117,220.71,5.7164,0.289,6.14715,5.99,1.22988
